,months_as_customer,age,policy_deductable,policy_annual_premium,umbrella_limit,capital-gains,capital-loss,incident_hour_of_the_day,number_of_vehicles_involved,bodily_injuries,witnesses,injury_claim,property_claim,vehicle_claim,policy_csl,insured_sex,insured_education_level,incident_severity,property_damage,police_report_available,fraud_reported,insured_occupation_armed-forces,insured_occupation_craft-repair,insured_occupation_exec-managerial,insured_occupation_farming-fishing,insured_occupation_handlers-cleaners,insured_occupation_machine-op-inspct,insured_occupation_other-service,insured_occupation_priv-house-serv,insured_occupation_prof-specialty,insured_occupation_protective-serv,insured_occupation_sales,insured_occupation_tech-support,insured_occupation_transport-moving,insured_relationship_not-in-family,insured_relationship_other-relative,insured_relationship_own-child,insured_relationship_unmarried,insured_relationship_wife,incident_type_Parked Car,incident_type_Single Vehicle Collision,incident_type_Vehicle Theft,collision_type_Rear Collision,collision_type_Side Collision,authorities_contacted_Fire,authorities_contacted_None,authorities_contacted_Other,authorities_contacted_Police,fraud report
0,328,48,1000,1406.91,0,53300,0,5,1,1,2,6510,13020,52080,2.5,1,6,3,1,1,1,0,1,0,0,0,0,0,0,0,0,0,0,0,0,0,0,0,0,0,1,0,0,1,0,0,0,1,Y
1,228,42,2000,1197.22,5000000,0,0,8,1,0,0,780,780,3510,2.5,1,6,2,0,0,1,0,0,0,0,0,1,0,0,0,0,0,0,0,0,1,0,0,0,0,0,1,1,0,0,0,0,1,Y
2,134,29,2000,1413.14,5000000,35100,0,7,3,2,3,7700,3850,23100,1.0,0,7,2,0,0,0,0,0,0,0,0,0,0,0,0,0,1,0,0,0,0,1,0,0,0,0,0,1,0,0,0,0,1,N
3,256,41,2000,1415.74,6000000,48900,-62400,5,1,1,2,6340,6340,50720,2.5,0,7,3,0,0,1,1,0,0,0,0,0,0,0,0,0,0,0,0,0,0,0,1,0,0,1,0,0,0,0,0,0,1,Y
4,228,44,1000,1583.91,6000000,66000,-46000,20,1,0,1,1300,650,4550,5.0,1,5,2,0,0,0,0,0,0,0,0,0,0,0,0,0,1,0,0,0,0,0,1,0,0,0,1,1,0,0,1,0,0,N
5,256,39,1000,1351.1,0,0,0,19,3,0,2,6410,6410,51280,2.5,0,7,3,0,0,1,0,0,0,0,0,0,0,0,0,0,0,1,0,0,0,0,1,0,0,0,0,1,0,1,0,0,0,Y
6,137,34,1000,1333.35,0,0,-77000,0,3,0,0,21450,7150,50050,2.5,1,7,2,0,0,0,0,0,0,0,0,0,0,0,1,0,0,0,0,0,0,0,0,0,0,0,0,0,0,0,0,0,1,N
7,165,37,1000,1137.03,0,0,0,23,3,2,2,9380,9380,32830,1.0,1,5,4,0,1,0,0,0,0,0,0,0,0,0,0,0,0,1,0,0,0,0,1,0,0,0,0,0,0,0,0,0,1,N
8,27,33,500,1442.99,0,0,0,21,1,1,1,2770,2770,22160,1.0,0,7,4,0,1,0,0,0,0,0,0,0,1,0,0,0,0,0,0,0,0,1,0,0,0,1,0,0,0,0,0,0,1,N
9,212,42,500,1315.68,0,0,-39300,14,1,2,1,4700,4700,32900,1.0,1,7,4,0,0,0,0,0,0,0,0,0,0,1,0,0,0,0,0,0,0,0,0,1,0,1,0,1,0,0,0,1,0,N
10,235,42,500,1253.12,4000000,38400,0,22,1,2,2,7910,15820,63280,1.0,0,4,4,1,0,0,0,0,1,0,0,0,0,0,0,0,0,0,0,0,1,0,0,0,0,1,0,0,0,0,0,0,1,N
11,447,61,2000,1137.16,0,0,-51000,21,3,1,2,17680,17680,79560,1.0,0,2,3,1,1,0,0,0,1,0,0,0,0,0,0,0,0,0,0,0,1,0,0,0,0,0,0,0,0,1,0,0,0,N
12,60,23,500,1215.36,3000000,0,0,9,1,1,0,4710,9420,42390,5.0,1,6,4,1,0,0,0,0,0,0,0,0,0,0,0,1,0,0,0,0,0,0,0,1,0,1,0,1,0,0,0,0,0,N
13,121,34,1000,936.61,0,52800,-32800,5,1,1,1,1120,1120,5040,1.0,0,6,2,0,0,0,1,0,0,0,0,0,0,0,0,0,0,0,0,0,0,0,0,1,1,0,0,1,0,0,1,0,0,N
14,180,38,2000,1301.13,0,41300,-55500,12,1,0,2,4200,8400,33600,2.5,0,3,4,0,1,1,0,0,0,0,0,1,0,0,0,0,0,0,0,1,0,0,0,0,0,1,0,1,0,0,0,0,1,Y
15,473,58,2000,1131.4,0,55700,0,12,4,0,0,10520,10520,42080,1.0,0,6,3,1,0,1,0,0,0,0,0,0,0,0,0,0,0,0,1,0,1,0,0,0,0,0,0,0,1,0,0,1,0,Y
16,70,26,1000,1199.44,5000000,63600,0,0,3,1,2,5790,5790,40530,5.0,1,3,3,0,1,0,0,0,0,0,0,1,0,0,0,0,0,0,0,0,0,1,0,0,0,0,0,1,0,0,0,1,0,N
17,140,31,500,708.64,6000000,53500,0,9,1,0,2,14160,7080,56640,5.0,1,2,4,0,1,0,0,0,0,0,0,1,0,0,0,0,0,0,0,0,0,0,1,0,0,1,0,0,1,0,0,0,1,N
18,160,37,500,1374.22,0,45500,-37800,19,1,1,0,6630,13260,53040,5.0,0,6,4,1,0,0,0,1,0,0,0,0,0,0,0,0,0,0,0,0,1,0,0,0,0,1,0,0,1,0,0,1,0,N
19,196,39,2000,1475.73,0,57000,-27300,8,3,2,0,6040,6040,48320,5.0,0,2,3,0,0,0,0,0,0,0,1,0,0,0,0,0,0,0,0,0,0,1,0,0,0,0,0,0,1,0,0,0,1,N
20,460,62,1000,1187.96,4000000,0,0,20,3,1,0,0,5240,41920,2.5,1,1,2,0,0,0,0,0,0,0,0,0,1,0,0,0,0,0,0,0,0,1,0,0,0,0,0,1,0,0,0,0,1,N
21,217,41,2000,875.15,0,46700,0,15,3,1,2,0,4730,33110,5.0,0,5,4,0,0,0,0,0,0,0,0,1,0,0,0,0,0,0,0,0,0,1,0,0,0,0,0,0,1,0,0,0,1,N
22,370,55,2000,972.18,0,72700,-68200,20,3,0,0,17880,5960,47680,1.0,1,2,3,0,1,1,0,0,0,0,0,0,0,0,1,0,0,0,0,0,1,0,0,0,0,0,0,1,0,0,0,0,0,N
23,413,55,2000,1268.79,0,0,-31000,15,1,2,2,8180,16360,73620,1.0,1,6,4,0,0,1,0,0,0,0,0,0,0,1,0,0,0,0,0,0,0,1,0,0,0,1,0,0,0,0,0,0,0,Y
24,237,40,1000,883.31,0,0,-53500,6,1,1,3,7080,14160,56640,1.0,1,3,2,0,0,0,0,1,0,0,0,0,0,0,0,0,0,0,0,0,0,0,0,0,0,1,0,1,0,0,0,1,0,N
25,8,35,2000,1266.92,0,0,0,16,3,1,3,16500,11000,44000,1.0,1,4,3,0,1,1,0,0,0,0,0,0,0,0,0,0,1,0,0,0,0,1,0,0,0,0,0,1,0,0,0,1,0,Y
26,257,43,2000,1322.1,0,0,-29200,4,1,1,3,1640,820,6560,1.0,1,2,2,1,1,0,0,0,0,0,0,0,0,0,1,0,0,0,0,0,0,1,0,0,1,0,0,1,0,0,0,0,1,N
27,202,34,500,848.07,3000000,31000,-30200,5,1,2,1,1040,520,4160,1.0,1,1,2,1,0,1,0,0,1,0,0,0,0,0,0,0,0,0,0,1,0,0,0,0,0,0,1,1,0,0,1,0,0,Y
28,224,40,2000,1291.7,0,0,-55600,21,1,1,0,7760,15520,46560,1.0,0,1,2,0,1,0,0,0,0,0,0,0,0,0,0,0,1,0,0,1,0,0,0,0,0,1,0,0,1,0,0,1,0,N
29,241,45,2000,1104.5,0,0,0,5,1,2,2,14100,14100,63450,5.0,0,7,2,0,0,0,0,0,0,0,0,1,0,0,0,0,0,0,0,0,0,0,1,0,0,1,0,1,0,0,0,0,1,N
30,64,25,1000,954.16,0,53200,0,22,4,0,0,12600,12600,50400,2.5,1,4,3,0,0,0,0,0,0,0,0,0,0,0,1,0,0,0,0,0,0,0,0,0,0,0,0,0,1,0,0,0,0,N
31,166,37,2000,1337.28,8000000,27500,0,10,3,2,2,7460,7460,52220,1.0,1,1,3,0,0,1,0,1,0,0,0,0,0,0,0,0,0,0,0,0,0,0,0,0,0,0,0,0,1,0,0,0,1,Y
32,155,35,1000,1088.34,0,81100,0,16,3,2,3,3310,3310,23170,5.0,0,5,4,1,0,0,0,0,0,0,0,0,0,0,0,0,0,0,0,0,1,0,0,0,0,0,0,0,0,0,0,0,1,N
33,114,30,1000,1558.29,0,51400,-64000,1,3,1,2,14020,14020,49070,1.0,1,2,3,0,0,0,0,0,0,1,0,0,0,0,0,0,0,0,0,0,0,0,0,1,0,0,0,0,0,0,0,0,0,Y
34,149,37,500,1415.68,0,0,0,17,1,0,1,10800,5400,48600,5.0,1,7,4,1,1,0,0,0,0,0,0,0,0,0,1,0,0,0,0,0,0,1,0,0,0,1,0,0,1,1,0,0,0,N
35,147,33,1000,1334.15,6000000,53300,-49200,15,1,2,0,10620,5310,37170,1.0,1,2,3,1,1,1,0,1,0,0,0,0,0,0,0,0,0,0,0,1,0,0,0,0,0,1,0,0,0,0,0,1,0,Y
36,62,28,1000,988.45,0,0,0,3,1,1,1,6020,6020,48160,1.0,0,4,4,0,1,1,0,0,0,0,0,0,0,0,0,1,0,0,0,0,0,0,1,0,0,1,0,1,0,0,0,0,1,Y
37,289,49,2000,1222.48,0,0,0,16,1,1,1,1230,820,3280,5.0,0,1,2,0,1,0,0,0,0,0,0,0,0,1,0,0,0,0,0,0,0,0,1,0,1,0,0,1,0,0,1,0,0,N
38,431,54,2000,1155.55,0,65700,0,4,3,2,0,12460,6230,43610,5.0,0,6,3,0,0,0,0,1,0,0,0,0,0,0,0,0,0,0,0,0,0,0,1,0,0,0,0,1,0,0,0,0,1,Y
39,199,37,500,1262.08,0,48500,0,4,1,0,3,10940,10940,38290,2.5,1,1,3,0,0,1,0,0,0,0,0,0,0,0,0,0,0,1,0,0,0,0,0,1,0,1,0,0,0,0,0,0,0,Y
40,79,26,500,1451.62,0,0,-55700,19,1,2,2,8000,4000,28000,1.0,1,5,2,0,0,0,0,0,0,0,0,0,0,0,0,0,0,1,0,1,0,0,0,0,0,1,0,1,0,0,0,0,0,N
41,116,34,500,1737.66,0,0,-24100,1,1,1,1,16180,16180,64720,2.5,1,5,3,0,0,1,0,0,0,0,0,0,0,0,0,0,0,0,1,0,0,0,1,0,0,1,0,0,1,0,0,0,1,Y
42,37,23,500,1475.93,0,0,-67400,17,3,1,0,5740,5740,40180,5.0,0,3,2,1,0,0,0,0,0,0,0,0,0,0,1,0,0,0,0,0,0,0,0,0,0,0,0,0,1,0,0,1,0,N
43,106,30,500,538.17,0,49700,-60200,23,1,2,2,5680,5680,39760,2.5,0,7,4,0,0,0,0,0,0,0,0,0,0,0,0,0,0,0,1,0,0,1,0,0,0,1,0,1,0,0,0,1,0,N
44,269,44,2000,1081.08,0,36400,-28700,14,1,0,2,11280,11280,33840,1.0,1,1,2,1,0,0,0,0,0,0,0,0,0,1,0,0,0,0,0,0,0,0,1,0,0,1,0,0,0,0,0,1,0,N
45,265,40,1000,1454.43,0,0,0,17,3,2,3,6890,0,48230,2.5,0,6,4,0,0,0,0,0,0,0,0,0,0,0,0,1,0,0,0,0,0,0,0,0,0,0,0,1,0,0,0,1,0,N
46,163,33,500,1240.47,0,35300,0,11,3,1,1,0,14020,63090,1.0,0,5,4,1,0,0,0,0,0,0,0,0,1,0,0,0,0,0,0,0,0,0,0,0,0,0,0,1,0,1,0,0,0,N
47,355,47,2000,1273.7,4000000,0,0,19,3,2,1,6280,6280,50240,5.0,1,3,3,0,0,1,0,0,0,0,0,0,1,0,0,0,0,0,0,0,0,0,0,0,0,0,0,0,0,1,0,0,0,Y
48,175,34,1000,1123.87,8000000,0,0,5,1,2,0,810,810,5670,5.0,0,7,1,0,1,0,0,0,0,0,0,0,0,0,0,1,0,0,0,0,1,0,0,0,0,0,1,1,0,0,0,0,1,N
49,192,35,1000,1245.89,0,0,-40300,19,1,0,0,15320,7660,53620,1.0,0,4,4,0,0,0,0,0,1,0,0,0,0,0,0,0,0,0,0,0,0,0,0,1,0,1,0,1,0,0,0,1,0,N
50,430,59,2000,1326.62,7000000,0,0,19,3,0,3,16360,8180,57260,2.5,1,6,2,0,1,0,0,0,0,0,0,0,1,0,0,0,0,0,0,0,0,1,0,0,0,0,0,0,0,1,0,0,0,N
51,91,27,2000,1073.83,0,0,0,4,1,1,2,1320,660,5280,1.0,0,1,1,0,0,0,0,0,0,1,0,0,0,0,0,0,0,0,0,0,0,0,0,0,0,0,1,1,0,0,1,0,0,N
52,217,39,1000,1530.52,0,0,0,8,1,2,1,430,430,3440,1.0,1,3,2,0,1,0,1,0,0,0,0,0,0,0,0,0,0,0,0,1,0,0,0,0,0,0,1,1,0,0,1,0,0,N
53,223,40,500,1201.41,0,88400,-46500,7,3,1,0,12820,12820,44870,1.0,0,1,3,1,0,0,0,0,0,0,0,0,0,1,0,0,0,0,0,0,0,0,0,0,0,0,0,0,1,0,0,0,1,Y
54,195,39,1000,1393.57,0,47600,-39600,5,1,0,1,480,480,1680,2.5,1,7,2,0,1,0,0,0,0,0,0,1,0,0,0,0,0,0,0,1,0,0,0,0,1,0,0,1,0,0,0,0,1,N
55,22,26,1000,1276.57,0,71500,0,3,1,1,2,15780,7890,55230,1.0,1,7,2,1,0,0,0,1,0,0,0,0,0,0,0,0,0,0,0,1,0,0,0,0,0,1,0,1,0,1,0,0,0,N
56,439,56,500,1082.49,0,36100,-55000,12,3,2,3,0,6270,50160,2.5,0,7,3,0,0,0,0,0,0,0,0,0,0,0,1,0,0,0,0,0,0,0,1,0,0,0,0,0,0,1,0,0,0,N
57,94,32,1000,1414.74,0,0,0,19,1,1,3,300,300,1800,5.0,0,4,2,0,0,0,0,0,0,0,0,0,0,0,0,0,0,0,0,0,0,1,0,0,1,0,0,1,0,0,1,0,0,N
58,11,39,2000,1470.06,0,56600,-45800,22,1,0,1,7310,7310,51170,2.5,1,7,4,1,0,0,0,0,0,0,0,0,1,0,0,0,0,0,0,0,0,0,0,0,0,1,0,0,0,0,0,0,0,N
59,151,36,2000,870.63,0,94800,-58500,12,3,1,1,11440,5720,45760,2.5,0,6,2,0,0,0,0,0,0,0,0,0,0,0,0,0,0,0,0,0,0,1,0,0,0,0,0,0,1,0,0,0,1,N
60,154,34,500,795.23,0,36900,0,15,3,2,1,15440,0,54040,1.0,1,7,3,1,0,1,0,0,0,0,0,1,0,0,0,0,0,0,0,0,1,0,0,0,0,0,0,1,0,0,0,0,1,N
61,245,44,1000,1168.2,0,69100,0,23,3,0,3,7380,3690,33210,5.0,1,1,4,0,0,0,0,0,0,0,1,0,0,0,0,0,0,0,0,0,0,0,0,0,0,0,0,0,1,0,0,1,0,N
62,119,32,1000,993.51,0,0,-49500,12,1,0,3,5630,11260,39410,5.0,1,2,2,0,1,0,1,0,0,0,0,0,0,0,0,0,0,0,0,0,0,0,1,0,0,1,0,0,1,0,0,1,0,N
63,215,42,500,1848.81,0,0,-49000,20,3,2,2,11420,5710,51390,5.0,1,1,3,1,1,1,0,0,0,0,0,0,0,0,0,0,0,0,1,0,0,1,0,0,0,0,0,0,0,1,0,0,0,N
64,295,42,2000,1641.73,5000000,62400,0,16,3,0,0,6570,6570,45990,2.5,1,7,4,0,0,1,0,0,0,0,0,0,0,0,0,0,1,0,0,1,0,0,0,0,0,0,0,1,0,1,0,0,0,Y
65,254,39,500,1362.87,0,35700,0,6,3,2,2,13720,6860,61740,1.0,0,6,2,1,0,1,0,0,1,0,0,0,0,0,0,0,0,0,0,0,1,0,0,0,0,0,0,0,0,0,0,0,0,N
66,107,31,500,1239.22,7000000,43400,-91200,12,1,0,1,13800,13800,62100,2.5,0,2,2,1,0,1,0,0,0,0,0,0,0,0,0,0,0,1,0,1,0,0,0,0,0,1,0,0,1,1,0,0,0,Y
67,478,64,500,835.02,0,59600,0,17,3,1,1,0,3770,30160,2.5,0,5,2,0,0,0,0,0,0,0,0,0,0,0,0,0,0,0,0,0,0,0,1,0,0,0,0,0,1,1,0,0,0,N
68,128,30,1000,1061.33,0,43300,-66200,8,1,0,3,12460,6230,49840,1.0,1,6,3,0,0,0,0,0,0,0,0,1,0,0,0,0,0,0,0,0,0,1,0,0,0,1,0,0,0,0,0,0,0,Y
69,338,49,1000,1279.08,0,0,-51500,13,1,0,1,860,860,2580,5.0,1,6,2,0,0,0,0,0,0,0,0,0,1,0,0,0,0,0,0,0,0,1,0,0,1,0,0,1,0,0,1,0,0,N
70,271,42,500,1105.49,0,56200,-50000,12,2,2,3,12420,6210,49680,1.0,0,5,3,0,0,1,0,0,0,0,0,0,0,0,1,0,0,0,0,0,0,1,0,0,0,0,0,0,1,0,0,1,0,Y
71,222,41,2000,1055.53,0,37800,-50300,7,1,0,2,6810,6810,47670,1.0,0,6,4,0,0,1,1,0,0,0,0,0,0,0,0,0,0,0,0,1,0,0,0,0,0,1,0,0,0,0,0,1,0,Y
72,199,41,1000,895.83,0,0,0,10,1,1,2,3010,0,27090,2.5,0,5,2,0,0,0,0,0,0,0,0,0,0,0,0,0,1,0,0,0,0,0,0,0,0,1,0,1,0,0,0,0,0,N
73,215,37,500,1632.93,0,0,-42900,7,3,2,0,9520,4760,42840,1.0,0,3,2,0,1,0,0,0,0,0,0,0,0,0,0,0,0,0,1,1,0,0,0,0,0,0,0,1,0,1,0,0,0,N
74,192,40,1000,1405.99,0,0,0,18,3,1,0,9540,4770,28620,1.0,0,5,2,1,1,0,0,0,0,0,0,0,0,0,0,0,1,0,0,0,0,0,0,1,0,0,0,0,1,0,0,0,0,N
75,120,35,1000,1425.54,0,78300,0,22,3,2,0,11380,5690,34140,1.0,0,2,4,0,0,0,0,0,0,0,0,0,0,0,0,0,0,0,1,0,1,0,0,0,0,0,0,0,0,0,0,0,0,N
76,270,45,1000,1038.09,0,0,-19700,18,3,1,1,14900,7450,67050,5.0,0,3,2,0,1,0,0,0,0,0,1,0,0,0,0,0,0,0,0,0,0,0,0,0,0,0,0,0,0,1,0,0,0,N
77,319,47,500,1307.11,0,0,0,22,3,0,2,10860,10860,38010,2.5,1,3,4,0,0,0,0,0,0,0,0,0,0,0,0,0,0,0,1,1,0,0,0,0,0,0,0,0,0,0,0,0,1,N
78,194,39,1000,1489.24,6000000,0,-45000,15,1,2,2,1240,1240,5580,5.0,0,1,2,1,1,0,0,0,0,0,0,0,1,0,0,0,0,0,0,0,0,0,0,1,0,0,1,1,0,0,1,0,0,N
79,227,38,500,976.67,0,0,0,16,1,1,2,14440,7220,50540,5.0,0,7,3,0,0,1,0,0,0,0,1,0,0,0,0,0,0,0,0,0,0,0,1,0,0,1,0,1,0,1,0,0,0,Y
80,137,31,2000,1340.43,0,52700,-40600,6,3,1,2,10160,10160,30480,2.5,1,2,2,0,0,0,0,0,1,0,0,0,0,0,0,0,0,0,0,0,0,0,0,0,0,0,0,0,1,0,0,0,0,N
81,244,40,2000,1267.81,5000000,0,0,10,1,2,1,660,1320,4620,5.0,0,4,1,0,0,0,0,0,1,0,0,0,0,0,0,0,0,0,0,0,0,0,0,1,0,0,1,1,0,0,1,0,0,N
82,78,29,1000,1234.2,6000000,0,0,3,1,2,2,750,1500,5250,2.5,1,4,2,1,0,0,0,0,0,0,0,0,1,0,0,0,0,0,0,0,1,0,0,0,0,0,1,1,0,0,0,0,1,N
83,200,35,2000,1318.06,0,57300,-80600,13,1,0,3,1180,1180,4130,2.5,1,2,1,0,1,0,0,0,1,0,0,0,0,0,0,0,0,0,0,0,0,0,0,1,0,0,1,1,0,0,1,0,0,N
84,284,48,2000,769.95,0,0,-44200,16,2,2,3,5540,11080,44320,5.0,1,4,3,0,0,1,0,0,0,0,0,0,0,0,1,0,0,0,0,1,0,0,0,0,0,0,0,0,1,0,0,0,0,Y
85,275,41,2000,1514.72,0,35700,0,13,3,0,1,5830,11660,40810,1.0,1,2,3,1,0,0,0,0,0,0,0,0,0,0,0,0,0,0,1,0,0,1,0,0,0,0,0,0,0,1,0,0,0,N
86,153,34,1000,873.64,4000000,800,0,9,3,2,1,11400,11400,45600,5.0,0,5,2,0,0,0,0,0,0,0,0,0,0,1,0,0,0,0,0,0,0,0,0,0,0,0,0,0,0,0,0,1,0,N
87,134,32,500,1612.43,0,36400,0,2,1,2,1,11680,11680,40880,5.0,0,6,4,0,1,0,0,0,0,0,0,0,1,0,0,0,0,0,0,0,0,1,0,0,0,1,0,0,1,1,0,0,0,N
88,31,36,2000,1318.24,9000000,0,-78600,9,1,0,1,940,470,3290,5.0,0,3,1,0,1,0,0,0,0,0,0,0,0,0,1,0,0,0,0,1,0,0,0,0,1,0,0,1,0,0,1,0,0,N
89,41,25,1000,1226.83,0,0,-56100,12,3,2,0,0,5640,39480,1.0,0,3,3,1,0,1,0,0,1,0,0,0,0,0,0,0,0,0,0,1,0,0,0,0,0,0,0,0,1,0,0,1,0,N
90,127,29,2000,1326.44,5000000,0,0,12,2,1,1,10300,10300,46350,2.5,0,2,4,1,0,0,0,0,0,0,0,0,0,0,0,0,1,0,0,0,0,1,0,0,0,0,0,0,0,1,0,0,0,N
91,61,23,2000,1136.83,4000000,0,-62400,14,1,0,3,8940,17880,71520,2.5,0,5,3,0,0,1,0,0,0,0,0,0,0,0,0,0,0,1,0,0,0,1,0,0,0,1,0,0,1,0,0,0,1,Y
92,207,42,2000,1322.78,0,55200,0,9,1,0,1,590,590,4720,2.5,1,7,1,0,0,0,0,0,0,1,0,0,0,0,0,0,0,0,0,0,0,1,0,0,1,0,0,1,0,0,1,0,0,N
93,219,43,1000,1483.25,0,90700,-20800,3,3,1,1,5890,11780,53010,1.0,0,6,3,0,0,0,0,0,1,0,0,0,0,0,0,0,0,0,0,1,0,0,0,0,0,0,0,0,0,0,0,0,0,N
94,271,42,500,1515.3,0,0,0,21,3,1,0,17040,8520,68160,1.0,0,2,4,0,0,0,0,0,0,0,0,1,0,0,0,0,0,0,0,1,0,0,0,0,0,0,0,1,0,0,0,0,0,N
95,80,25,2000,1075.18,5000000,67700,-58400,5,1,2,0,1260,630,5040,1.0,0,7,2,0,1,0,1,0,0,0,0,0,0,0,0,0,0,0,0,0,0,0,0,0,0,0,1,1,0,0,1,0,0,N
96,325,47,1000,1690.27,0,61500,0,11,1,0,3,6630,6630,59670,5.0,0,5,3,1,0,1,0,0,0,0,0,0,0,0,0,1,0,0,0,1,0,0,0,0,0,1,0,0,1,1,0,0,0,Y
97,29,25,2000,1352.83,0,0,-71700,4,4,1,2,7210,7210,50470,2.5,1,4,2,1,1,1,0,0,0,1,0,0,0,0,0,0,0,0,0,0,0,1,0,0,0,0,0,1,0,0,0,1,0,N
98,295,48,1000,1148.73,0,0,0,6,1,1,2,900,900,3600,2.5,0,3,1,0,1,0,0,0,0,0,0,1,0,0,0,0,0,0,0,0,0,0,0,1,1,0,0,1,0,0,1,0,0,N
99,239,42,1000,969.5,0,0,0,10,1,0,0,700,700,4200,1.0,1,3,1,0,0,0,0,0,1,0,0,0,0,0,0,0,0,0,0,1,0,0,0,0,0,0,1,1,0,0,1,0,0,N
100,269,41,500,1463.82,0,0,-72300,23,1,0,0,15860,15860,47580,1.0,0,3,2,1,0,0,0,0,0,0,0,0,0,0,0,1,0,0,0,1,0,0,0,0,0,1,0,1,0,0,0,0,1,N
101,80,27,1000,1474.17,0,0,0,13,1,1,0,10560,5280,36960,1.0,0,3,3,1,1,0,0,0,0,0,0,0,0,0,0,0,0,1,0,0,0,0,1,0,0,1,0,0,1,0,0,0,1,N
102,279,41,500,1497.35,0,37300,-31700,16,3,2,3,0,3600,25200,2.5,0,1,2,0,0,0,0,0,0,0,0,0,0,0,1,0,0,0,0,0,0,0,0,0,0,0,0,0,0,1,0,0,0,N
103,165,33,1000,1427.14,0,35300,-58100,3,1,1,1,330,330,2310,1.0,0,5,2,0,0,0,0,0,0,0,0,0,0,0,0,0,0,1,0,0,1,0,0,0,1,0,0,1,0,0,0,0,1,N
104,350,54,500,1495.1,0,50500,0,15,3,0,0,15580,7790,70110,5.0,1,3,4,0,0,0,0,0,0,0,0,0,1,0,0,0,0,0,0,0,0,0,0,1,0,0,0,0,1,0,0,0,1,N
105,295,49,500,1141.62,0,34300,-24300,4,1,1,3,480,480,3360,1.0,1,3,2,1,1,0,0,0,0,0,0,0,0,0,1,0,0,0,0,0,0,0,0,0,0,0,1,1,0,0,1,0,0,N
106,464,61,1000,1125.37,0,0,-56400,6,3,0,2,6650,19950,53200,5.0,0,5,3,0,1,1,0,0,0,0,0,0,0,0,1,0,0,0,0,0,0,0,0,0,0,0,0,1,0,0,0,0,1,Y
107,118,28,2000,1207.36,0,0,-57000,22,2,1,0,7420,14840,51940,5.0,0,2,3,0,0,0,0,0,0,0,1,0,0,0,0,0,0,0,0,0,0,1,0,0,0,0,0,0,0,0,0,0,0,N
108,298,47,2000,1338.5,0,28800,0,1,1,0,0,10860,10860,48870,5.0,0,7,3,0,0,1,0,0,0,0,0,1,0,0,0,0,0,0,0,0,1,0,0,0,0,1,0,0,0,1,0,0,0,Y
109,87,31,1000,1074.07,0,0,-47500,16,3,0,3,5540,11080,44320,5.0,0,4,3,0,1,1,0,0,0,0,0,0,0,0,0,0,1,0,0,0,0,0,0,0,0,0,0,1,0,1,0,0,0,Y
110,261,42,500,1337.56,0,0,0,18,1,1,2,7470,14940,52290,2.5,0,3,2,0,1,0,0,0,0,0,0,0,0,0,1,0,0,0,0,0,0,0,1,0,0,1,0,1,0,0,0,0,1,N
111,453,60,500,1298.91,6000000,52600,-38800,0,1,0,0,14000,7000,49000,1.0,1,7,3,1,0,1,0,1,0,0,0,0,0,0,0,0,0,0,0,0,0,0,1,0,0,1,0,0,0,1,0,0,0,Y
112,210,41,500,1222.75,0,0,-41000,12,3,2,0,14740,14740,51590,5.0,1,2,4,0,0,0,0,0,1,0,0,0,0,0,0,0,0,0,0,0,1,0,0,0,0,0,0,1,0,0,0,1,0,N
113,168,32,1000,1059.52,0,0,-40600,13,2,1,1,14430,9620,33670,1.0,1,6,3,0,0,0,0,0,0,0,0,0,0,0,0,1,0,0,0,0,0,1,0,0,0,0,0,0,1,0,0,1,0,N
114,390,51,2000,1124.38,0,0,0,9,1,1,1,1180,1180,4720,2.5,1,5,2,1,1,0,1,0,0,0,0,0,0,0,0,0,0,0,0,0,1,0,0,0,0,0,1,1,0,0,1,0,0,N
115,258,46,1000,1110.37,10000000,34400,-56800,14,3,0,1,4770,9540,33390,1.0,1,6,4,0,0,1,0,0,0,0,0,1,0,0,0,0,0,0,0,0,1,0,0,0,0,0,0,0,1,0,0,1,0,Y
116,107,31,2000,1374.22,0,62000,-63100,16,1,0,3,9320,9320,32620,5.0,0,7,2,0,0,0,0,0,0,0,0,1,0,0,0,0,0,0,0,0,1,0,0,0,0,1,0,1,0,0,0,0,1,N
117,225,41,2000,1103.58,0,41200,-36200,20,3,2,2,6400,12800,51200,5.0,1,2,3,0,0,1,0,0,1,0,0,0,0,0,0,0,0,0,0,0,0,0,1,0,0,0,0,0,1,0,0,0,1,Y
118,164,38,2000,1269.76,0,44300,0,4,1,1,3,18000,9000,63000,2.5,0,7,2,0,1,0,0,0,0,0,0,0,0,0,0,0,0,0,1,1,0,0,0,0,0,1,0,1,0,1,0,0,0,N
119,245,39,500,964.79,8000000,58000,0,7,3,0,1,13240,6620,52960,2.5,0,5,2,0,0,0,0,0,0,0,0,0,0,0,0,0,0,0,0,0,0,0,0,0,0,0,0,1,0,0,0,0,1,N
120,255,41,2000,1167.3,4000000,0,0,22,1,2,0,13860,13860,41580,5.0,1,2,2,0,0,0,0,0,0,0,0,0,0,1,0,0,0,0,0,0,1,0,0,0,0,1,0,0,1,1,0,0,0,N
121,206,36,500,1625.45,4000000,0,-53700,11,1,2,1,12760,12760,51040,5.0,0,6,3,0,0,1,0,0,0,0,0,0,1,0,0,0,0,0,0,0,1,0,0,0,0,1,0,0,0,0,0,0,0,Y
122,203,38,500,1394.43,0,0,0,7,1,0,1,0,6160,49280,2.5,0,4,3,0,1,1,0,0,0,0,0,0,1,0,0,0,0,0,0,1,0,0,0,0,0,1,0,0,0,0,0,0,0,Y
123,22,25,2000,1053.24,0,51100,0,0,4,1,0,8570,17140,51420,2.5,0,3,4,1,0,0,0,0,0,0,0,0,0,0,1,0,0,0,0,0,1,0,0,0,0,0,0,0,0,0,0,1,0,N
124,211,35,500,1040.75,0,0,0,1,1,1,1,7000,7000,28000,1.0,0,1,4,1,0,0,0,0,0,0,0,0,0,0,1,0,0,0,0,1,0,0,0,0,0,1,0,1,0,0,0,0,0,N
125,206,39,1000,1302.4,6000000,47200,-69700,12,3,2,3,3300,9900,23100,2.5,1,1,4,0,1,0,0,1,0,0,0,0,0,0,0,0,0,0,0,0,0,0,1,0,0,0,0,1,0,0,0,0,0,N
126,166,38,2000,1588.55,0,59600,-32100,8,1,0,0,5760,5760,28800,1.0,1,6,4,0,0,0,0,0,0,0,0,0,0,0,0,1,0,0,0,0,0,0,1,0,0,1,0,0,1,0,0,1,0,N
127,165,32,500,1399.26,0,70500,0,9,1,2,0,330,660,2970,5.0,0,2,2,0,0,0,0,0,0,0,0,0,0,0,0,0,0,1,0,0,0,1,0,0,1,0,0,1,0,0,0,0,1,N
128,274,43,2000,1352.31,0,40700,-47300,22,1,0,3,10640,10640,42560,1.0,1,3,3,1,1,1,0,0,0,1,0,0,0,0,0,0,0,0,0,0,0,0,0,1,0,1,0,0,0,1,0,0,0,Y
129,81,28,1000,1139.0,6000000,42400,0,0,3,1,2,4970,4970,34790,2.5,0,4,3,0,0,1,0,0,0,0,0,0,0,0,0,0,1,0,0,0,0,0,0,0,0,0,0,0,0,1,0,0,0,Y
130,280,45,1000,1397.67,0,57900,0,0,3,1,2,14120,14120,56480,2.5,1,1,2,1,0,0,0,0,0,0,0,1,0,0,0,0,0,0,0,0,0,0,0,1,0,0,0,0,0,0,0,1,0,N
131,194,39,500,823.17,0,0,0,3,3,2,2,6150,12300,43050,2.5,1,4,3,0,0,0,0,0,0,0,0,0,0,0,0,0,0,0,0,0,0,1,0,0,0,0,0,0,0,0,0,1,0,N
132,112,27,500,965.13,0,60000,-54800,21,3,0,1,8500,8500,34000,1.0,0,4,3,0,0,0,0,0,0,0,0,0,0,0,0,0,0,1,0,0,0,0,1,0,0,0,0,0,0,0,0,0,0,N
133,24,33,1000,1922.84,0,0,-45200,0,1,2,1,4680,9360,32760,5.0,0,2,4,0,0,0,0,0,0,0,0,1,0,0,0,0,0,0,0,0,0,0,0,1,0,1,0,0,1,0,0,0,1,N
134,93,32,2000,1624.82,0,65300,-65600,16,1,1,1,17360,8680,52080,2.5,1,7,2,0,0,0,0,0,1,0,0,0,0,0,0,0,0,0,0,0,0,0,1,0,0,1,0,0,1,0,0,0,0,N
135,171,34,2000,1277.25,0,84900,0,14,1,1,2,13840,6920,48440,2.5,0,3,3,0,0,1,0,0,1,0,0,0,0,0,0,0,0,0,0,0,1,0,0,0,0,1,0,1,0,0,0,0,1,Y
136,200,40,1000,1439.34,0,45300,-20400,9,1,0,0,410,410,2870,1.0,0,2,2,0,0,0,0,0,0,0,0,0,0,0,0,0,1,0,0,0,1,0,0,0,0,0,1,1,0,0,0,0,1,N
137,120,28,1000,1281.27,0,68900,0,9,3,0,3,6550,6550,52400,2.5,0,7,2,0,0,0,0,0,0,0,0,0,0,0,0,0,0,1,0,1,0,0,0,0,0,0,0,1,0,1,0,0,0,N
138,325,46,500,1348.83,0,46300,-77500,21,3,1,2,13840,6920,55360,5.0,0,2,2,0,1,0,0,0,0,0,0,0,0,0,1,0,0,0,0,0,0,0,0,1,0,0,0,1,0,1,0,0,0,N
139,124,32,1000,1198.15,0,0,-43200,19,3,0,2,12260,12260,49040,2.5,0,6,4,0,1,0,0,0,0,0,0,0,1,0,0,0,0,0,0,1,0,0,0,0,0,0,0,0,0,0,0,1,0,N
140,211,35,2000,1221.22,0,76000,0,2,1,0,1,9460,4730,37840,1.0,1,4,4,1,0,0,0,0,0,0,0,1,0,0,0,0,0,0,0,0,1,0,0,0,0,1,0,1,0,0,0,0,1,N
141,287,41,2000,968.74,0,0,-49000,9,1,2,3,470,940,3760,5.0,1,4,1,0,0,0,0,0,0,0,0,0,0,0,0,0,0,0,1,0,0,0,0,1,0,0,1,1,0,0,1,0,0,N
142,122,34,1000,1220.71,0,58600,-28700,5,1,2,1,1890,1260,5040,2.5,1,7,2,0,1,0,0,0,0,0,0,1,0,0,0,0,0,0,0,0,0,1,0,0,1,0,0,1,0,0,1,0,0,N
143,22,29,2000,1238.62,6000000,0,-56200,14,1,2,3,7080,14160,49560,2.5,1,6,3,0,0,1,0,0,1,0,0,0,0,0,0,0,0,0,0,0,1,0,0,0,0,1,0,1,0,0,0,0,0,Y
144,106,31,2000,1320.75,0,54100,0,20,3,0,3,5070,5070,35490,5.0,0,1,4,0,1,0,0,0,0,1,0,0,0,0,0,0,0,0,0,0,0,0,0,1,0,0,0,1,0,0,0,0,1,N
145,398,58,500,990.98,0,0,-57900,18,1,2,1,7640,15280,76400,1.0,0,5,3,1,0,1,0,0,1,0,0,0,0,0,0,0,0,0,0,0,0,0,0,1,0,1,0,0,0,0,0,0,1,N
146,214,41,500,1398.51,4000000,0,-57100,13,3,2,0,12800,6400,44800,5.0,1,4,3,0,0,1,0,0,0,0,0,0,0,0,0,0,0,1,0,1,0,0,0,0,0,0,0,0,1,1,0,0,0,Y
147,209,38,500,1355.08,0,58100,0,21,1,1,1,4730,4730,37840,1.0,0,6,2,0,0,0,0,0,0,0,0,0,1,0,0,0,0,0,0,0,1,0,0,0,0,1,0,0,0,1,0,0,0,N
148,82,27,1000,1384.51,0,13100,-38200,14,1,2,3,8960,8960,53760,1.0,1,7,3,0,0,1,0,0,0,0,0,0,0,0,0,0,0,0,0,1,0,0,0,0,0,1,0,1,0,0,0,1,0,Y
149,193,41,500,847.03,0,0,0,1,1,1,0,17280,17280,77760,2.5,0,1,3,0,1,1,0,1,0,0,0,0,0,0,0,0,0,0,0,1,0,0,0,0,0,1,0,0,1,0,0,1,0,N
150,134,32,1000,1000.06,0,0,0,17,1,1,0,7520,15040,60160,1.0,0,7,4,0,0,0,0,0,0,1,0,0,0,0,0,0,0,0,0,0,0,0,0,1,0,1,0,0,1,0,0,1,0,N
151,288,45,1000,1046.71,0,0,0,4,3,2,1,10680,5340,32040,1.0,1,4,3,0,0,0,0,0,0,0,0,0,0,1,0,0,0,0,0,0,0,0,0,0,0,0,0,1,0,1,0,0,0,N
152,104,32,500,1158.03,0,31900,-44600,23,3,1,3,9780,9780,44010,2.5,1,2,4,1,1,1,0,0,1,0,0,0,0,0,0,0,0,0,0,0,0,1,0,0,0,0,0,1,0,0,0,0,1,Y
153,431,54,1000,1372.27,0,17600,0,13,3,2,3,10540,10540,42160,1.0,0,4,4,0,0,0,0,1,0,0,0,0,0,0,0,0,0,0,0,0,0,1,0,0,0,0,0,1,0,1,0,0,0,N
154,101,33,1000,1053.04,7000000,52000,-44500,20,3,1,3,9040,9040,36160,1.0,0,4,2,0,0,1,0,0,0,0,0,0,1,0,0,0,0,0,0,0,0,1,0,0,0,0,0,1,0,0,0,0,0,Y
155,375,50,1000,1275.39,0,0,0,16,1,2,3,0,0,37280,1.0,1,5,3,1,0,1,0,0,0,0,0,0,0,0,0,0,1,0,0,0,1,0,0,0,0,1,0,0,0,0,0,0,1,N
156,461,61,2000,1402.75,0,0,0,10,3,2,1,7210,14420,50470,1.0,1,1,2,0,1,0,0,0,1,0,0,0,0,0,0,0,0,0,0,0,0,0,0,0,0,0,0,1,0,0,0,0,1,N
157,428,59,500,1344.36,7000000,0,0,8,1,2,3,1300,650,4550,2.5,0,1,2,0,0,0,0,0,0,0,0,0,0,0,1,0,0,0,0,0,1,0,0,0,1,0,0,1,0,0,1,0,0,N
158,45,38,1000,1197.71,0,29000,0,17,3,2,0,13040,13040,52160,1.0,1,4,4,0,0,0,0,0,0,0,0,1,0,0,0,0,0,0,0,1,0,0,0,0,0,0,0,0,0,0,0,0,0,N
159,136,29,500,1203.24,0,62500,-66900,9,1,2,0,1240,620,4340,1.0,0,1,2,0,0,0,0,0,0,0,0,0,0,0,0,0,0,0,1,0,1,0,0,0,0,0,1,1,0,0,0,0,1,N
160,216,36,1000,1152.4,0,39600,-82400,0,1,2,3,560,1680,3920,5.0,0,5,2,1,0,0,0,0,0,0,0,0,0,1,0,0,0,0,0,0,0,0,1,0,1,0,0,1,0,0,0,0,1,N
161,278,48,2000,1142.62,7000000,0,-54000,12,1,2,0,11700,11700,52650,5.0,0,6,4,0,0,0,0,0,0,1,0,0,0,0,0,0,0,0,0,1,0,0,0,0,0,1,0,0,0,0,0,0,0,N
162,295,48,1000,1332.07,0,49700,-59100,20,2,2,1,13240,13240,59580,5.0,0,6,4,0,1,0,0,0,1,0,0,0,0,0,0,0,0,0,0,0,0,0,1,0,0,0,0,0,1,0,0,0,0,N
163,112,30,1000,1166.54,0,47700,-59300,3,1,2,0,10790,21580,75530,5.0,0,4,3,1,0,1,0,0,0,0,0,0,0,0,1,0,0,0,0,1,0,0,0,0,0,1,0,0,0,1,0,0,0,Y
164,122,34,500,1495.06,0,38100,-31400,18,3,2,0,18180,18180,63630,2.5,0,4,4,0,1,0,0,0,0,0,0,0,0,0,1,0,0,0,0,0,0,0,1,0,0,0,0,1,0,1,0,0,0,N
165,108,29,1000,1337.92,0,71400,0,4,3,2,2,11160,5580,44640,5.0,0,7,2,0,1,0,1,0,0,0,0,0,0,0,0,0,0,0,0,1,0,0,0,0,0,0,0,0,1,0,0,0,0,N
166,14,28,2000,1587.96,0,0,-26900,18,1,2,1,12960,12960,45360,2.5,0,5,3,0,1,1,0,1,0,0,0,0,0,0,0,0,0,0,0,0,0,0,1,0,0,1,0,1,0,1,0,0,0,Y
167,298,45,1000,1362.29,0,0,-51100,18,3,0,0,12800,6400,44800,5.0,1,2,2,0,0,0,0,0,0,1,0,0,0,0,0,0,0,0,0,0,0,0,1,0,0,0,0,0,0,0,0,0,0,N
168,276,46,500,1448.84,0,0,-50000,7,1,0,1,660,660,4620,2.5,0,4,1,0,0,0,0,0,0,0,0,1,0,0,0,0,0,0,0,0,0,0,0,0,1,0,0,1,0,0,0,0,1,N
169,47,37,2000,1241.97,0,75400,0,18,1,1,0,670,670,5360,2.5,1,2,2,0,0,0,0,0,0,0,0,0,1,0,0,0,0,0,0,1,0,0,0,0,1,0,0,1,0,0,1,0,0,N
170,222,42,500,1124.6,0,0,0,23,3,0,0,11940,7960,31840,2.5,1,5,2,1,0,0,1,0,0,0,0,0,0,0,0,0,0,0,0,1,0,0,0,0,0,0,0,1,0,0,0,0,1,N
171,119,28,2000,1079.92,0,88800,0,1,1,0,1,6700,6700,40200,2.5,1,2,4,0,1,1,0,0,0,0,0,1,0,0,0,0,0,0,0,0,0,0,0,0,0,1,0,1,0,0,0,0,0,Y
172,73,29,1000,1447.78,0,35100,-59900,15,3,1,0,4990,4990,34930,2.5,1,3,4,1,0,0,0,0,0,0,0,0,0,0,0,1,0,0,0,0,0,0,0,1,0,0,0,1,0,0,0,1,0,N
173,8,31,500,1229.16,4000000,0,-88300,2,3,0,2,11100,7400,29600,2.5,0,6,3,0,1,0,0,0,0,0,0,0,0,0,0,0,0,0,1,0,0,0,0,1,0,0,0,0,0,1,0,0,0,N
174,294,44,1000,1226.49,0,53900,0,3,1,0,1,610,1220,4270,1.0,0,7,1,0,0,0,0,0,0,1,0,0,0,0,0,0,0,0,0,0,0,0,1,0,0,0,1,1,0,0,1,0,0,N
175,324,46,2000,897.89,6000000,0,-41300,13,1,1,0,15920,15920,47760,1.0,1,6,2,0,1,0,0,0,0,0,0,0,0,0,0,0,0,1,0,0,0,0,0,1,0,1,0,1,0,0,0,1,0,N
176,155,34,500,1706.79,0,0,0,1,1,1,1,8560,8560,59920,1.0,1,4,2,0,1,0,0,0,0,0,0,0,0,0,0,1,0,0,0,0,1,0,0,0,0,1,0,0,0,0,0,0,0,N
177,261,45,1000,1254.18,0,0,-45100,16,1,0,1,11380,11380,39830,2.5,0,7,2,1,0,0,0,0,0,0,0,0,0,0,1,0,0,0,0,0,1,0,0,0,0,1,0,1,0,1,0,0,0,N
178,245,40,500,885.08,0,27000,-58900,0,1,0,1,13100,13100,58950,5.0,0,4,4,1,0,0,1,0,0,0,0,0,0,0,0,0,0,0,0,0,1,0,0,0,0,1,0,0,0,0,0,1,0,N
179,235,39,500,1046.58,4000000,0,-31700,1,1,2,1,450,900,3600,1.0,1,6,1,0,0,0,0,0,0,0,0,0,0,0,0,0,0,1,0,0,0,0,0,1,0,0,1,1,0,0,1,0,0,N
180,53,36,2000,1712.68,0,72200,0,17,3,2,0,10220,5110,35770,5.0,1,5,3,0,1,0,0,0,0,0,1,0,0,0,0,0,0,0,0,1,0,0,0,0,0,0,0,0,1,1,0,0,0,N
181,426,54,2000,1097.71,0,29600,-22300,13,1,2,3,16800,16800,67200,5.0,0,4,2,1,0,0,0,0,0,0,0,0,0,0,0,0,0,0,0,1,0,0,0,0,0,1,0,0,1,0,0,0,1,N
182,111,27,500,1363.77,4000000,51100,0,12,1,2,3,16540,16540,57890,2.5,0,4,4,1,0,0,0,0,0,0,0,0,0,0,0,0,0,1,0,0,0,0,0,0,0,1,0,0,1,0,0,0,1,N
183,86,26,500,1382.88,7000000,0,-30300,11,1,1,1,14880,7440,59520,1.0,1,1,2,0,1,1,0,0,0,0,0,0,0,0,0,0,0,1,0,0,1,0,0,0,0,1,0,1,0,0,0,0,1,Y
184,296,46,1000,1141.35,7000000,0,0,18,1,0,2,5490,5490,43920,1.0,1,4,3,0,0,0,0,1,0,0,0,0,0,0,0,0,0,0,0,1,0,0,0,0,0,1,0,0,0,0,0,0,0,N
185,125,35,500,1054.83,7000000,0,-51300,17,1,2,3,8060,16120,64480,5.0,1,1,4,1,0,1,0,0,0,0,0,0,0,0,0,0,0,1,0,0,0,0,0,0,0,1,0,0,0,1,0,0,0,N
186,177,34,2000,1057.77,0,0,-57700,22,3,1,1,2250,2250,13500,1.0,0,1,4,0,0,0,0,0,0,0,0,0,0,0,0,0,0,1,0,0,0,0,1,0,0,0,0,0,0,0,0,0,0,N
187,238,39,2000,1488.02,0,0,-39200,9,1,1,3,1100,550,3850,2.5,0,1,2,1,1,0,0,0,0,0,0,0,0,0,0,1,0,0,0,0,1,0,0,0,0,0,1,1,0,0,0,0,1,N
188,81,25,500,920.3,5000000,51000,-67900,11,3,1,0,13440,6720,53760,1.0,0,2,3,0,0,1,0,0,0,0,0,0,0,0,0,0,0,1,0,0,0,1,0,0,0,0,0,1,0,0,0,1,0,Y
189,128,28,1000,986.53,0,62700,0,11,1,0,2,18520,18520,64820,5.0,0,2,4,0,1,0,0,0,0,0,0,0,0,0,0,0,0,0,0,0,1,0,0,0,0,1,0,1,0,0,0,0,0,N
190,449,57,2000,1440.68,0,25000,0,8,1,0,1,980,980,3430,2.5,1,5,2,1,1,0,0,0,0,0,0,0,0,0,0,0,0,1,0,0,0,1,0,0,1,0,0,1,0,0,1,0,0,N
191,252,39,1000,1086.21,0,68500,-57500,18,1,1,2,5610,5610,39270,2.5,1,1,2,0,0,0,0,0,0,1,0,0,0,0,0,0,0,0,0,0,0,0,1,0,0,1,0,0,1,0,0,0,1,N
192,359,47,2000,1367.68,0,0,0,13,1,0,3,5550,11100,38850,1.0,0,6,4,0,0,0,0,0,0,0,1,0,0,0,0,0,0,0,0,0,0,0,1,0,0,1,0,0,0,0,0,0,1,Y
193,19,32,1000,1215.85,0,42900,-90200,8,1,1,1,1280,640,5120,5.0,1,2,2,1,1,0,0,0,0,0,0,0,1,0,0,0,0,0,0,0,0,0,0,0,0,0,1,1,0,0,0,0,1,N
194,73,26,2000,1191.19,4000000,29300,0,9,3,0,1,5020,0,35140,2.5,1,6,4,0,1,0,0,0,0,1,0,0,0,0,0,0,0,0,0,1,0,0,0,0,0,0,0,1,0,0,0,1,0,N
195,285,44,1000,1594.45,0,0,0,17,2,2,3,6960,6960,41760,5.0,1,2,4,1,0,0,0,0,0,0,1,0,0,0,0,0,0,0,0,0,0,0,0,0,0,0,0,0,1,1,0,0,0,N
196,196,36,2000,1463.07,0,0,0,3,1,1,1,530,530,4240,2.5,1,6,1,0,0,1,1,0,0,0,0,0,0,0,0,0,0,0,0,0,0,1,0,0,0,0,1,1,0,0,0,0,1,Y
197,223,43,500,1734.09,0,0,0,6,1,0,3,650,650,3900,2.5,0,6,1,1,0,0,0,0,0,0,0,0,0,0,0,0,0,0,0,1,0,0,0,0,1,0,0,1,0,0,1,0,0,N
198,328,48,500,1411.43,0,45100,-32800,17,1,2,1,5940,11880,41580,2.5,1,4,3,1,0,0,1,0,0,0,0,0,0,0,0,0,0,0,0,0,0,1,0,0,0,1,0,0,0,0,0,0,0,N
199,285,43,2000,1512.58,0,47600,0,7,1,1,1,280,280,1960,1.0,0,3,2,0,0,0,0,0,0,0,0,0,0,0,0,0,1,0,0,0,1,0,0,0,0,0,1,1,0,0,0,0,1,N
200,30,31,2000,1153.35,0,0,0,9,1,2,1,960,960,3840,2.5,1,7,1,0,1,0,0,1,0,0,0,0,0,0,0,0,0,0,0,1,0,0,0,0,0,0,1,1,0,0,0,0,1,N
201,342,49,500,1722.95,0,63100,-13800,3,1,2,0,7670,7670,61360,2.5,1,7,2,0,1,0,0,0,0,0,0,0,0,0,0,0,0,0,1,1,0,0,0,0,0,1,0,1,0,1,0,0,0,N
202,219,39,2000,1281.07,7000000,0,0,6,1,0,2,740,740,4440,2.5,0,2,1,0,0,0,0,0,0,0,0,0,0,0,0,1,0,0,0,0,0,0,1,0,1,0,0,1,0,0,0,0,1,N
203,468,62,500,1011.92,0,0,0,7,3,0,3,7150,7150,50050,1.0,1,7,3,1,0,0,0,0,0,0,0,1,0,0,0,0,0,0,0,0,0,0,0,1,0,0,0,1,0,1,0,0,0,N
204,241,39,2000,1042.26,0,0,0,21,3,1,2,4240,2120,12720,2.5,1,1,4,0,0,0,0,0,0,0,0,0,0,0,0,0,1,0,0,0,0,0,0,0,0,0,0,1,0,0,0,0,0,N
205,223,43,500,1235.1,0,66400,-34400,14,1,2,1,5440,5440,43520,5.0,0,4,2,0,0,0,0,0,0,0,0,0,0,0,0,0,0,1,0,1,0,0,0,0,0,1,0,1,0,0,0,0,1,N
206,128,32,2000,768.91,0,0,-39300,0,1,1,0,5980,5980,47840,1.0,0,3,4,0,0,1,0,0,0,0,0,0,0,0,0,0,1,0,0,0,1,0,0,0,0,1,0,1,0,1,0,0,0,Y
207,124,29,500,1301.72,0,0,0,14,3,0,3,7200,7200,57600,5.0,1,4,3,0,1,0,0,0,0,0,1,0,0,0,0,0,0,0,0,0,0,0,0,0,0,0,0,0,1,0,0,0,1,N
208,343,48,500,1451.54,3000000,0,0,13,4,2,3,7230,14460,43380,2.5,1,1,4,0,0,0,0,0,0,0,0,0,0,0,0,0,0,0,0,0,0,0,0,0,0,0,0,0,1,0,0,0,1,N
209,404,53,500,767.14,0,25500,-36700,8,1,0,1,1760,880,6160,2.5,1,5,1,0,0,0,0,0,0,0,0,0,0,0,0,0,1,0,0,1,0,0,0,0,1,0,0,1,0,0,0,0,1,N
210,63,24,2000,1620.89,0,0,0,7,1,2,0,1020,1020,4080,2.5,0,2,2,0,0,0,0,0,0,0,1,0,0,0,0,0,0,0,0,0,1,0,0,0,0,0,1,1,0,0,0,0,1,N
211,210,37,2000,1048.46,0,59900,0,9,1,1,2,1180,590,5310,5.0,1,2,1,0,0,0,0,0,0,0,0,0,0,1,0,0,0,0,0,1,0,0,0,0,0,0,1,1,0,0,1,0,0,N
212,335,50,1000,1538.26,6000000,62200,-31400,12,3,2,3,8580,4290,21450,1.0,1,2,2,1,1,0,0,0,0,0,0,0,0,0,0,0,1,0,0,0,1,0,0,0,0,0,0,0,1,0,0,0,0,N
213,11,40,2000,1217.69,0,24000,0,6,3,1,0,9720,9720,34020,5.0,0,6,3,0,0,1,0,0,0,0,0,0,0,0,1,0,0,0,0,0,0,0,0,1,0,0,0,0,1,0,0,1,0,Y
214,142,33,2000,1362.64,5000000,0,0,11,1,1,3,6780,13560,61020,1.0,0,1,4,1,0,1,0,0,1,0,0,0,0,0,0,0,0,0,0,0,0,0,0,1,0,1,0,0,1,0,0,1,0,Y
215,272,43,1000,1279.13,0,0,0,5,3,1,2,7370,14740,58960,1.0,1,7,2,0,1,1,0,1,0,0,0,0,0,0,0,0,0,0,0,0,1,0,0,0,0,0,0,0,1,0,0,0,0,Y
216,69,26,2000,924.72,0,0,0,14,1,2,2,5260,10520,47340,1.0,0,2,2,0,0,0,0,0,0,0,0,1,0,0,0,0,0,0,0,0,0,0,1,0,0,1,0,0,0,1,0,0,0,N
217,38,28,1000,1019.44,0,0,-39700,17,1,2,1,1440,720,5040,2.5,1,4,1,0,0,0,0,0,0,0,0,0,0,0,0,0,0,0,1,1,0,0,0,0,0,0,1,1,0,0,1,0,0,N
218,328,46,500,1314.6,0,24800,0,0,1,2,3,12780,6390,51120,5.0,0,6,4,0,0,1,0,0,0,0,0,0,0,0,1,0,0,0,0,1,0,0,0,0,0,1,0,1,0,0,0,1,0,Y
219,281,43,1000,1515.18,6000000,0,0,21,3,1,0,9260,9260,41670,1.0,1,3,2,0,0,0,0,0,0,0,0,0,0,1,0,0,0,0,0,0,1,0,0,0,0,0,0,0,1,1,0,0,0,N
220,246,44,2000,1649.18,0,0,-58600,18,1,1,2,11160,5580,44640,2.5,1,3,3,1,1,1,0,0,0,1,0,0,0,0,0,0,0,0,0,0,1,0,0,0,0,1,0,0,0,0,0,1,0,N
221,298,49,500,1451.01,0,47800,0,17,1,2,2,2810,5620,19670,2.5,0,3,2,0,0,0,0,0,0,0,0,0,1,0,0,0,0,0,0,0,0,1,0,0,0,1,0,0,0,0,0,0,0,N
222,330,50,1000,978.46,0,0,0,19,1,0,0,8920,8920,31220,5.0,0,2,4,1,0,0,0,0,0,0,0,0,0,0,0,0,1,0,0,0,0,0,0,0,0,1,0,0,1,1,0,0,0,N
223,362,50,500,1198.34,4000000,53000,-72500,17,3,1,1,6340,6340,44380,2.5,1,5,4,0,0,0,0,0,0,0,0,0,0,0,0,0,1,0,0,0,0,0,0,1,0,0,0,0,1,1,0,0,0,N
224,241,38,2000,1003.23,0,0,0,23,3,0,3,12980,12980,51920,1.0,0,5,3,0,1,0,0,0,0,0,0,0,0,0,0,0,0,1,0,1,0,0,0,0,0,0,0,0,1,1,0,0,0,N
225,245,41,2000,1212.0,0,24400,-60500,4,1,0,1,7350,14700,51450,5.0,1,4,4,1,1,0,0,0,1,0,0,0,0,0,0,0,0,0,0,0,0,0,1,0,0,1,0,0,0,0,0,0,0,N
226,371,52,1000,1242.96,7000000,0,-37100,2,2,2,0,6840,13680,68400,2.5,0,2,2,1,0,0,0,0,0,0,0,0,1,0,0,0,0,0,0,0,0,1,0,0,0,0,0,1,0,0,0,1,0,N
227,343,52,1000,1053.02,0,0,0,2,1,0,2,12990,4330,30310,5.0,0,5,3,0,0,1,0,0,0,0,0,0,0,0,1,0,0,0,0,1,0,0,0,0,0,1,0,0,0,0,0,1,0,Y
228,377,53,500,1693.63,0,0,-64000,10,3,1,3,6560,6560,45920,1.0,0,6,4,1,0,0,0,1,0,0,0,0,0,0,0,0,0,0,0,0,0,0,1,0,0,0,0,0,0,1,0,0,0,N
229,154,37,1000,2047.59,0,0,-67800,2,1,0,3,14460,7230,57840,2.5,0,6,2,0,0,0,0,0,0,1,0,0,0,0,0,0,0,0,0,0,1,0,0,0,0,1,0,1,0,0,0,1,0,N
230,166,34,1000,1083.72,0,65600,-68200,18,1,0,2,4880,4880,43920,1.0,0,2,4,0,1,0,0,0,0,0,0,1,0,0,0,0,0,0,0,0,0,0,0,1,0,1,0,0,1,0,0,1,0,N
231,298,46,1000,1138.42,6000000,36900,-55000,18,1,2,3,3050,6100,24400,5.0,1,1,2,0,1,0,0,0,0,0,0,0,0,0,1,0,0,0,0,0,0,1,0,0,0,1,0,0,1,0,0,0,1,N
232,235,42,500,1072.62,0,39900,-60200,7,4,2,1,6910,6910,55280,2.5,0,4,4,0,1,0,0,0,0,0,0,1,0,0,0,0,0,0,0,0,0,0,0,0,0,0,0,0,1,0,0,1,0,N
233,172,35,2000,1219.04,0,63600,-68700,19,3,2,0,14500,14500,50750,1.0,1,6,3,0,0,0,0,0,0,0,1,0,0,0,0,0,0,0,0,0,0,1,0,0,0,0,0,1,0,0,0,0,1,N
234,27,28,2000,1371.78,0,0,-32500,10,3,0,2,5360,10720,37520,1.0,1,1,3,0,1,1,0,0,0,1,0,0,0,0,0,0,0,0,0,0,1,0,0,0,0,0,0,0,0,0,0,1,0,Y
235,428,54,2000,1506.21,0,0,-24400,16,3,1,0,12760,6380,57420,1.0,1,4,2,0,0,0,0,0,0,0,0,0,0,0,0,0,0,0,1,0,0,0,1,0,0,0,0,0,1,1,0,0,0,N
236,99,32,1000,1058.21,3000000,0,0,17,1,1,1,4570,4570,31990,1.0,1,1,4,1,0,0,0,1,0,0,0,0,0,0,0,0,0,0,0,0,0,0,1,0,0,1,0,0,0,1,0,0,0,N
237,107,26,2000,932.14,0,40600,0,2,3,2,3,14300,7150,57200,5.0,1,6,4,0,0,1,0,0,0,0,0,0,0,0,0,0,1,0,0,0,0,1,0,0,0,0,0,1,0,1,0,0,0,Y
238,272,41,2000,1608.34,0,33300,-10600,19,1,1,1,6460,12920,51680,5.0,0,5,3,0,0,0,0,0,0,1,0,0,0,0,0,0,0,0,0,0,0,1,0,0,0,1,0,0,1,0,0,1,0,N
239,151,37,1000,1728.56,0,54000,0,0,1,1,1,3530,3530,31770,5.0,0,4,2,1,0,0,0,0,0,1,0,0,0,0,0,0,0,0,0,0,0,1,0,0,0,1,0,0,0,1,0,0,0,N
240,249,43,1000,1518.46,0,0,0,16,1,0,0,5350,5350,42800,2.5,0,6,3,0,1,0,1,0,0,0,0,0,0,0,0,0,0,0,0,0,0,1,0,0,0,1,0,0,0,1,0,0,0,N
241,177,38,2000,1540.19,0,0,-74500,20,1,2,0,7370,7370,58960,1.0,0,3,3,1,0,1,0,0,0,0,0,0,0,0,0,0,0,0,0,0,1,0,0,0,0,1,0,0,0,0,0,1,0,Y
242,190,40,2000,965.21,0,36900,-53700,10,1,2,1,630,630,5040,5.0,0,1,1,0,1,0,0,0,1,0,0,0,0,0,0,0,0,0,0,0,1,0,0,0,1,0,0,1,0,0,1,0,0,N
243,174,36,2000,1278.75,0,53200,-53800,21,3,2,2,10900,10900,43600,1.0,0,3,4,0,0,0,0,0,0,0,0,0,0,0,0,0,0,1,0,0,0,1,0,0,0,0,0,1,0,0,0,0,0,N
244,95,28,1000,773.99,0,0,-70300,3,1,1,2,640,320,2240,2.5,1,5,1,1,0,0,1,0,0,0,0,0,0,0,0,0,0,0,0,0,1,0,0,0,0,0,1,1,0,0,1,0,0,N
245,371,51,1000,1532.47,0,60300,-24700,7,1,0,3,7540,15080,52780,5.0,0,5,3,1,1,1,0,0,0,0,0,0,0,0,0,0,0,1,0,0,1,0,0,0,0,1,0,1,0,1,0,0,0,Y
246,2,28,1000,1340.56,0,0,0,19,1,0,2,6460,6460,45220,2.5,0,1,2,1,1,0,0,0,0,0,0,1,0,0,0,0,0,0,0,1,0,0,0,0,0,1,0,0,1,1,0,0,0,N
247,269,44,500,1297.75,4000000,0,-41400,15,3,0,1,15180,15180,68310,1.0,0,1,4,0,0,1,0,0,0,0,0,0,1,0,0,0,0,0,0,0,0,1,0,0,0,0,0,1,0,0,0,0,0,Y
248,101,27,1000,433.33,0,25900,0,7,1,0,3,1180,590,4130,2.5,1,4,2,0,0,0,0,0,0,0,0,1,0,0,0,0,0,0,0,0,1,0,0,0,1,0,0,1,0,0,1,0,0,N
249,94,30,2000,1025.54,0,0,-52600,19,1,1,3,6410,6410,51280,2.5,0,2,3,0,1,0,1,0,0,0,0,0,0,0,0,0,0,0,0,0,1,0,0,0,0,1,0,1,0,1,0,0,0,N
250,117,28,500,1264.77,0,47500,-32500,13,2,0,1,5040,10080,40320,2.5,0,5,4,1,0,1,0,0,0,0,0,0,0,0,0,0,0,0,1,0,0,0,1,0,0,0,0,1,0,1,0,0,0,Y
251,111,27,500,1459.97,5000000,0,0,2,3,1,2,7350,14700,58800,2.5,1,6,3,0,0,1,0,0,0,0,0,0,0,0,0,0,1,0,0,0,1,0,0,0,0,0,0,0,1,0,0,0,1,Y
252,242,40,500,1238.65,0,0,-44600,5,1,1,1,680,680,6120,1.0,0,2,1,1,0,0,0,0,0,0,0,0,0,0,0,0,0,0,1,0,0,0,0,0,0,0,1,1,0,0,0,0,1,N
253,440,61,500,1050.76,0,41500,-70200,21,1,2,3,5960,5960,41720,2.5,1,7,3,0,0,1,0,0,0,0,0,0,0,0,0,0,0,0,1,0,0,0,0,1,0,1,0,0,1,1,0,0,0,N
254,20,23,1000,1711.72,0,0,0,21,3,2,2,5750,11500,46000,5.0,0,1,3,0,0,1,0,0,0,0,0,0,0,0,0,0,0,1,0,0,0,0,0,1,0,0,0,1,0,1,0,0,0,Y
255,461,57,500,865.33,7000000,0,0,7,3,0,1,9840,9840,39360,1.0,0,2,3,0,0,0,0,0,0,1,0,0,0,0,0,0,0,0,0,0,0,1,0,0,0,0,0,0,1,0,0,0,0,N
256,208,36,500,1153.49,0,0,0,16,3,1,0,10100,5050,35350,2.5,1,5,4,1,1,0,0,1,0,0,0,0,0,0,0,0,0,0,0,0,1,0,0,0,0,0,0,0,1,0,0,1,0,N
257,279,43,2000,1281.25,0,0,0,13,1,0,1,6410,12820,38460,5.0,1,5,3,1,0,1,0,0,0,0,0,1,0,0,0,0,0,0,0,0,1,0,0,0,0,1,0,0,1,0,0,0,1,Y
258,244,40,500,1342.8,0,0,0,2,1,1,3,660,660,4620,1.0,0,6,1,1,1,0,0,0,0,0,0,0,0,0,0,0,1,0,0,0,0,0,0,0,0,0,1,1,0,0,0,0,1,N
259,134,30,2000,1443.32,0,0,0,19,3,0,2,5310,5310,37170,2.5,0,7,3,0,1,1,0,0,1,0,0,0,0,0,0,0,0,0,0,0,0,0,1,0,0,0,0,1,0,1,0,0,0,Y
260,122,29,1000,1629.94,0,0,-47100,17,1,0,1,350,350,3150,2.5,0,4,1,0,0,0,0,0,0,0,0,0,0,1,0,0,0,0,0,0,1,0,0,0,1,0,0,1,0,0,1,0,0,N
261,156,31,2000,1134.08,0,0,0,3,1,2,0,5900,5900,47200,1.0,1,7,3,0,0,1,0,0,0,0,0,0,1,0,0,0,0,0,0,0,0,0,0,0,0,1,0,0,0,0,0,0,1,Y
262,232,43,500,1483.91,8000000,0,-33600,17,3,0,1,7060,14120,49420,2.5,1,3,3,0,0,1,0,0,0,0,0,1,0,0,0,0,0,0,0,0,0,0,0,0,0,0,0,1,0,0,0,0,0,Y
263,244,40,2000,1304.67,7000000,0,-45000,5,3,1,1,5590,11180,44720,5.0,1,4,2,0,0,0,1,0,0,0,0,0,0,0,0,0,0,0,0,0,1,0,0,0,0,0,0,0,1,0,0,0,1,N
264,84,30,2000,1035.79,0,44400,-51500,9,1,1,0,5240,10480,41920,5.0,0,6,2,0,1,0,0,0,0,0,0,0,0,0,0,1,0,0,0,0,0,0,0,1,0,1,0,0,1,0,0,0,1,N
265,394,57,500,1401.2,0,51500,0,9,1,1,0,1060,1060,4770,2.5,0,2,1,0,0,0,0,1,0,0,0,0,0,0,0,0,0,0,0,0,0,1,0,0,0,0,1,1,0,0,0,0,1,N
266,246,45,1000,1665.45,0,34400,-33100,9,3,2,2,11840,5920,35520,2.5,1,1,3,0,0,1,0,0,0,0,0,1,0,0,0,0,0,0,0,0,0,0,0,1,0,0,0,0,1,1,0,0,0,Y
267,35,29,2000,653.66,0,52100,-46900,22,3,0,0,15660,7830,54810,5.0,0,1,2,0,0,0,0,0,0,0,1,0,0,0,0,0,0,0,0,0,0,0,1,0,0,0,0,1,0,1,0,0,0,N
268,156,37,500,1080.13,0,0,-61000,15,3,0,3,4610,4610,32270,1.0,1,5,3,1,0,0,0,0,0,0,0,0,0,0,0,1,0,0,0,0,1,0,0,0,0,0,0,1,0,0,0,0,0,N
269,195,36,2000,1346.18,0,57800,-53300,14,3,2,3,12540,6270,50160,1.0,0,5,4,1,1,0,0,0,0,0,0,1,0,0,0,0,0,0,0,0,0,0,0,1,0,0,0,0,0,1,0,0,0,N
270,369,55,2000,1589.54,0,55400,0,6,3,2,0,17060,8530,59710,2.5,1,3,2,0,1,0,0,0,0,0,1,0,0,0,0,0,0,0,0,0,0,0,0,0,0,0,0,1,0,0,0,0,1,N
271,271,40,1000,1251.65,0,71200,0,6,1,0,0,560,280,2240,1.0,0,5,2,0,0,0,0,0,0,0,0,0,1,0,0,0,0,0,0,0,0,0,0,1,1,0,0,1,0,0,1,0,0,N
272,332,47,2000,1083.01,0,91900,0,22,4,2,0,11040,11040,49680,1.0,1,6,3,1,0,1,0,1,0,0,0,0,0,0,0,0,0,0,0,0,1,0,0,0,0,0,0,0,0,0,0,0,1,Y
273,107,26,500,974.59,0,62800,0,14,3,1,0,11940,11940,35820,1.0,0,1,2,0,0,0,1,0,0,0,0,0,0,0,0,0,0,0,0,0,0,0,0,1,0,0,0,1,0,0,0,0,0,N
274,217,39,2000,1399.85,0,49900,-19800,16,3,0,2,10820,10820,43280,5.0,0,4,2,0,0,0,0,0,0,0,0,0,1,0,0,0,0,0,0,0,1,0,0,0,0,0,0,0,0,1,0,0,0,N
275,243,43,500,1307.74,0,0,-75700,10,3,0,1,4170,4170,29190,5.0,0,5,3,0,0,0,0,0,0,0,0,1,0,0,0,0,0,0,0,0,0,1,0,0,0,0,0,0,0,0,0,0,0,N
276,296,42,2000,1219.27,0,53100,-63400,9,3,1,2,7120,7120,49840,2.5,1,5,4,1,0,0,0,0,0,0,0,0,0,0,0,0,0,1,0,0,0,0,0,0,0,0,0,0,1,0,0,0,0,N
277,264,41,500,1411.3,0,55600,0,4,1,1,0,10980,5490,43920,1.0,1,7,2,0,0,1,0,0,0,0,0,0,0,0,1,0,0,0,0,0,0,0,1,0,0,1,0,1,0,0,0,1,0,Y
278,108,33,2000,694.45,0,0,0,6,3,0,1,5850,11700,46800,1.0,0,1,3,0,1,1,1,0,0,0,0,0,0,0,0,0,0,0,0,1,0,0,0,0,0,0,0,0,1,0,0,0,1,Y
279,32,38,500,1006.77,6000000,0,0,15,3,2,1,14180,7090,49630,1.0,0,3,2,1,1,0,0,0,0,0,0,0,1,0,0,0,0,0,0,0,0,1,0,0,0,0,0,0,1,0,0,0,1,N
280,259,39,1000,1422.36,0,0,-83900,12,3,1,3,7760,7760,31040,2.5,0,1,2,0,0,0,0,1,0,0,0,0,0,0,0,0,0,0,0,0,0,0,1,0,0,0,0,0,1,1,0,0,0,N
281,186,33,1000,1348.32,0,37600,-37600,3,1,2,1,860,860,3010,1.0,0,5,1,0,0,1,0,1,0,0,0,0,0,0,0,0,0,0,0,0,0,0,0,1,0,0,1,1,0,0,0,0,1,N
282,201,40,2000,1315.56,0,0,0,14,1,0,0,1240,1240,4340,2.5,0,7,2,1,1,0,0,0,0,0,0,0,0,0,0,0,0,0,1,1,0,0,0,0,0,0,1,1,0,0,0,0,1,N
283,436,58,2000,1407.01,5000000,47400,-27600,10,1,0,2,11980,5990,41930,2.5,1,7,3,0,0,1,0,0,0,0,0,0,0,0,0,0,0,1,0,0,1,0,0,0,0,1,0,1,0,0,0,0,1,Y
284,189,36,2000,1388.58,0,0,-49400,17,3,1,3,13260,13260,53040,2.5,0,6,3,0,1,0,0,0,0,0,0,0,0,1,0,0,0,0,0,0,0,1,0,0,0,0,0,0,1,0,0,0,1,N
285,105,33,500,1310.76,0,0,-40900,8,1,0,1,12780,6390,51120,5.0,0,2,4,1,0,0,0,0,0,0,0,0,0,0,0,0,0,0,0,1,0,0,0,0,0,1,0,0,0,0,0,1,0,N
286,163,31,1000,1004.63,6000000,26900,0,14,3,2,0,5810,11620,46480,1.0,1,1,4,1,0,0,0,0,0,0,0,0,0,1,0,0,0,0,0,1,0,0,0,0,0,0,0,1,0,0,0,0,0,N
287,219,40,500,1134.91,0,68700,0,6,1,1,0,640,640,5120,1.0,0,5,1,0,0,0,0,0,0,0,0,0,0,0,0,0,0,0,1,1,0,0,0,0,0,0,1,1,0,0,1,0,0,N
288,88,25,1000,1194.0,0,0,0,6,1,1,2,7420,7420,51940,2.5,0,1,3,1,1,1,0,0,0,0,1,0,0,0,0,0,0,0,0,0,0,0,0,0,0,1,0,1,0,0,0,0,0,Y
289,40,39,1000,1248.25,4000000,0,-33300,8,1,0,2,1460,1460,5840,5.0,0,3,2,0,0,0,0,0,0,0,0,0,0,0,0,0,1,0,0,0,0,1,0,0,1,0,0,1,0,0,0,0,1,N
290,284,42,500,1338.54,-1000000,0,0,13,1,0,1,8560,17120,68480,1.0,1,5,3,1,0,0,0,0,0,0,0,1,0,0,0,0,0,0,0,0,0,0,0,1,0,1,0,0,1,0,0,0,0,N
291,59,40,2000,782.23,0,64200,-32300,0,3,0,2,5730,11460,34380,2.5,1,3,4,0,0,0,0,0,0,0,0,0,0,0,0,1,0,0,0,0,1,0,0,0,0,0,0,0,0,0,0,0,0,N
292,39,31,2000,1366.9,0,0,-15700,14,3,1,0,10540,10540,31620,2.5,0,2,3,0,0,1,0,0,0,0,1,0,0,0,0,0,0,0,0,0,0,0,0,0,0,0,0,1,0,1,0,0,0,Y
293,147,34,1000,1275.81,0,0,-48300,13,1,2,2,15540,15540,69930,5.0,1,2,2,1,0,0,0,0,0,0,0,0,0,0,0,0,1,0,0,0,0,0,0,1,0,1,0,0,1,1,0,0,0,N
294,156,37,500,1090.65,0,0,-51800,16,4,1,2,5340,5340,42720,2.5,1,2,2,0,1,1,0,0,1,0,0,0,0,0,0,0,0,0,0,0,0,0,1,0,0,0,0,1,0,0,0,0,1,N
295,123,31,500,1326.0,0,0,-54600,13,1,1,2,12020,12020,48080,2.5,0,5,4,0,0,0,0,0,0,0,0,0,0,0,1,0,0,0,0,0,0,0,0,1,0,1,0,0,1,1,0,0,0,N
296,231,43,2000,972.47,0,0,-58100,15,3,2,2,7710,15420,53970,2.5,1,3,2,1,1,0,0,0,0,0,0,0,0,0,0,1,0,0,0,0,0,0,0,1,0,0,0,0,0,0,0,0,1,N
297,247,39,500,806.31,0,0,0,3,1,2,3,600,0,2700,1.0,0,3,1,0,0,0,0,0,0,0,1,0,0,0,0,0,0,0,0,0,0,0,0,1,1,0,0,1,0,0,0,0,1,N
298,194,35,500,1416.24,0,0,0,7,1,1,0,1080,540,4320,5.0,0,6,2,1,0,0,0,0,0,0,0,0,0,0,0,0,0,0,0,1,0,0,0,0,1,0,0,1,0,0,1,0,0,N
299,119,27,2000,1097.64,0,27100,0,16,2,1,0,7080,21240,35400,2.5,1,2,3,0,0,0,0,0,0,0,0,0,0,0,0,0,0,0,1,0,1,0,0,0,0,0,0,1,0,0,0,1,0,N
300,259,43,500,947.75,0,0,-39300,15,1,1,3,1280,640,5760,1.0,0,4,1,0,0,0,0,0,0,1,0,0,0,0,0,0,0,0,0,1,0,0,0,0,0,0,1,1,0,0,0,0,1,N
301,107,31,2000,1018.73,5000000,20000,-82700,21,3,1,2,14420,21630,57680,1.0,1,5,4,1,0,0,0,0,0,0,1,0,0,0,0,0,0,0,0,0,0,1,0,0,0,0,0,0,1,0,0,0,1,N
302,48,44,2000,1400.74,0,34000,-55600,23,3,0,2,17460,17460,52380,1.0,1,3,3,1,0,0,0,0,0,0,0,0,0,0,0,0,1,0,0,0,1,0,0,0,0,0,0,1,0,0,0,0,1,N
303,267,40,500,1155.53,5000000,0,-35200,5,1,0,2,1260,630,3780,2.5,1,1,1,0,0,0,0,0,0,0,0,0,0,0,0,0,0,0,1,0,0,0,0,1,1,0,0,1,0,0,0,0,1,N
304,286,47,500,1386.93,0,54100,-77600,15,3,0,0,13160,6580,46060,2.5,1,2,2,1,0,0,0,0,0,0,0,0,0,1,0,0,0,0,0,0,0,0,0,0,0,0,0,1,0,0,0,1,0,N
305,175,34,500,915.29,0,82400,-57100,14,1,2,1,4080,4080,28560,1.0,0,1,3,0,1,1,0,0,0,0,1,0,0,0,0,0,0,0,0,0,0,0,0,1,0,1,0,0,0,0,0,1,0,Y
306,111,29,500,1239.55,2000000,0,0,1,1,1,1,4800,9600,38400,2.5,0,7,3,0,1,1,0,0,0,1,0,0,0,0,0,0,0,0,0,0,0,1,0,0,0,1,0,0,1,1,0,0,0,N
307,151,37,500,1366.42,0,44000,0,14,3,1,2,5910,5910,47280,2.5,0,5,4,0,1,1,0,0,0,0,0,0,0,0,0,1,0,0,0,0,0,0,1,0,0,0,0,1,0,1,0,0,0,Y
308,156,37,1000,1086.48,6000000,0,-53800,17,3,1,1,14080,7040,56320,5.0,1,5,4,0,1,0,0,0,0,0,0,1,0,0,0,0,0,0,0,0,0,0,1,0,0,0,0,1,0,0,0,1,0,N
309,165,36,2000,1247.87,0,0,-39700,20,3,2,2,4570,4570,36560,2.5,1,4,4,0,0,0,1,0,0,0,0,0,0,0,0,0,0,0,0,0,0,0,0,0,0,0,0,0,1,1,0,0,0,N
310,253,41,2000,1312.75,0,81300,0,10,3,2,2,7340,14680,58720,1.0,0,7,3,0,1,1,0,0,0,0,0,0,0,0,0,0,1,0,0,0,1,0,0,0,0,0,0,1,0,0,0,1,0,Y
311,10,26,2000,765.64,0,0,-22200,3,3,0,3,2850,5700,22800,1.0,1,6,3,0,0,1,0,0,0,0,0,0,0,0,0,0,1,0,0,1,0,0,0,0,0,0,0,0,0,0,0,0,0,N
312,158,33,2000,1327.41,0,0,-38600,0,1,0,0,3500,7000,24500,1.0,0,5,4,0,0,0,0,0,0,0,1,0,0,0,0,0,0,0,0,0,1,0,0,0,0,1,0,0,1,0,0,1,0,N
313,436,59,1000,1338.55,0,39000,0,10,3,2,2,13600,6800,47600,5.0,1,7,4,0,0,0,0,0,0,0,0,0,0,0,0,1,0,0,0,0,0,1,0,0,0,0,0,0,1,0,0,0,1,N
314,91,30,2000,1316.63,8000000,43900,0,13,3,2,0,13000,13000,58500,2.5,0,4,2,1,0,0,0,0,0,0,0,1,0,0,0,0,0,0,0,0,0,0,1,0,0,0,0,0,1,0,0,1,0,N
315,256,42,1000,1286.44,0,0,-39500,14,1,2,1,7550,15100,52850,5.0,0,6,2,0,0,0,0,0,0,0,0,0,0,0,0,0,0,0,1,0,0,0,0,1,0,1,0,1,0,0,0,0,1,N
316,274,46,1000,1372.18,0,0,0,22,3,1,3,15100,15100,60400,5.0,1,2,4,0,0,0,0,0,1,0,0,0,0,0,0,0,0,0,0,1,0,0,0,0,0,0,0,0,1,0,0,1,0,N
317,275,45,2000,1447.77,0,39400,-63900,8,3,1,1,5360,10720,48240,5.0,0,5,4,1,0,0,0,0,0,0,0,0,0,0,0,0,0,0,0,0,0,0,0,1,0,0,0,0,1,0,0,0,0,N
318,1,33,500,903.32,0,0,0,1,3,1,0,6340,3170,22190,2.5,0,2,2,0,0,0,0,0,0,0,0,0,0,0,0,0,0,0,1,1,0,0,0,0,0,0,0,1,0,0,0,0,1,N
319,85,30,1000,1454.42,0,51600,-73900,19,1,0,1,12380,12380,49520,5.0,1,5,3,1,1,1,0,0,0,0,0,0,0,0,0,1,0,0,0,0,1,0,0,0,0,1,0,0,1,0,0,1,0,Y
320,233,37,2000,1603.42,0,61600,-30200,17,1,0,2,13420,6710,60390,1.0,0,2,4,1,1,0,0,0,0,0,0,0,0,0,0,0,1,0,0,0,0,0,0,1,0,1,0,0,0,1,0,0,0,N
321,142,30,2000,1616.58,0,58500,-46800,13,3,0,3,6360,12720,44520,2.5,1,1,3,1,1,0,0,0,0,0,0,0,0,0,0,0,0,0,0,0,0,0,0,0,0,0,0,1,0,0,0,1,0,Y
322,266,44,500,1611.83,0,0,0,4,1,1,2,3280,3280,26240,2.5,1,2,4,0,1,0,0,0,0,0,1,0,0,0,0,0,0,0,0,0,0,0,0,0,0,1,0,0,0,0,0,0,1,N
323,350,50,500,889.13,0,0,0,14,3,0,2,9820,4910,29460,5.0,0,4,4,0,0,0,0,0,0,0,0,0,0,1,0,0,0,0,0,0,1,0,0,0,0,0,0,1,0,0,0,0,1,N
324,97,26,1000,1252.08,0,0,0,4,2,2,2,10080,5040,35280,2.5,1,3,3,1,0,1,0,0,1,0,0,0,0,0,0,0,0,0,0,1,0,0,0,0,0,0,0,1,0,0,0,1,0,Y
325,399,55,2000,995.56,0,0,-65400,23,3,1,1,17680,8840,61880,5.0,1,1,4,1,1,0,0,0,0,0,0,0,0,0,0,0,0,1,0,1,0,0,0,0,0,0,0,0,1,0,0,0,1,N
326,305,49,2000,1347.92,0,0,-42100,21,3,0,2,12100,6050,48400,1.0,0,2,4,1,0,0,0,0,0,1,0,0,0,0,0,0,0,0,0,0,0,1,0,0,0,0,0,0,0,1,0,0,0,N
327,276,47,1000,1724.09,0,0,0,23,3,0,0,5980,11960,47840,1.0,1,7,2,1,0,0,0,1,0,0,0,0,0,0,0,0,0,0,0,0,0,1,0,0,0,0,0,1,0,0,0,0,1,N
328,257,40,500,1379.93,0,0,0,6,3,0,2,9420,4710,37680,2.5,1,6,3,0,1,1,1,0,0,0,0,0,0,0,0,0,0,0,0,0,0,0,0,0,0,0,0,0,1,0,0,1,0,Y
329,78,31,1000,1554.64,4000000,0,-27900,21,1,1,0,5060,10120,40480,2.5,1,7,3,0,0,1,0,0,0,0,0,0,0,0,0,1,0,0,0,0,0,1,0,0,0,1,0,0,0,0,0,1,0,Y
330,129,28,1000,1377.94,0,0,0,23,1,2,3,9920,4960,29760,5.0,1,4,3,0,0,0,0,0,0,0,0,1,0,0,0,0,0,0,0,1,0,0,0,0,0,1,0,0,1,1,0,0,0,N
331,283,46,2000,1313.33,0,53500,-73600,3,3,1,3,7060,14120,56480,5.0,0,7,3,0,0,1,0,0,0,0,0,0,0,0,0,0,0,0,1,0,0,0,0,0,0,0,0,0,0,0,0,0,0,Y
332,85,25,500,1259.02,0,67000,-53600,8,1,2,2,940,940,3760,2.5,0,1,1,0,0,0,0,0,0,0,0,0,0,0,0,0,0,1,0,0,0,0,1,0,1,0,0,1,0,0,1,0,0,N
333,101,26,1000,1371.88,0,0,0,4,1,2,2,580,580,2030,5.0,0,6,1,0,0,0,0,0,0,0,0,0,0,0,1,0,0,0,0,0,0,0,0,0,1,0,0,1,0,0,1,0,0,N
334,96,30,500,1399.27,6000000,38900,-48700,22,1,0,0,0,6680,46760,1.0,1,3,4,0,1,0,0,0,0,0,0,0,0,0,1,0,0,0,0,0,0,0,0,1,0,1,0,0,1,1,0,0,0,N
335,121,31,1000,1061.98,6000000,0,0,16,1,0,1,7250,7250,50750,5.0,0,1,2,0,1,0,1,0,0,0,0,0,0,0,0,0,0,0,0,0,0,0,1,0,0,1,0,1,0,0,0,0,1,N
336,176,39,500,1365.46,4000000,0,-56600,14,3,2,1,4920,4920,34440,2.5,1,3,2,0,0,0,1,0,0,0,0,0,0,0,0,0,0,0,0,0,0,0,1,0,0,0,0,0,1,1,0,0,0,N
337,159,37,1000,894.4,0,0,-53700,13,1,2,0,7810,7810,54670,5.0,1,5,4,1,0,0,0,0,0,0,0,0,0,0,0,0,0,1,0,0,0,0,0,1,0,1,0,1,0,0,0,0,1,N
338,120,30,500,956.69,0,39600,-64300,20,1,1,1,8710,8710,69680,2.5,0,5,2,0,1,0,0,0,0,0,0,0,0,1,0,0,0,0,0,0,0,0,0,0,0,1,0,0,0,0,0,1,0,N
339,212,35,2000,1123.89,0,35400,-49200,0,3,1,3,4580,4580,41220,5.0,1,6,4,0,0,0,0,0,0,0,0,0,0,1,0,0,0,0,0,0,0,0,1,0,0,0,0,0,0,1,0,0,0,N
340,290,45,500,1085.03,0,0,-61000,23,3,2,2,12960,6480,45360,1.0,0,1,4,1,0,1,0,0,0,0,0,0,0,0,0,0,1,0,0,0,0,0,0,1,0,0,0,0,1,0,0,0,1,Y
341,299,42,2000,1437.33,0,25000,0,13,1,1,3,12800,12800,44800,1.0,0,5,2,1,0,0,0,1,0,0,0,0,0,0,0,0,0,0,0,0,0,0,0,1,0,1,0,1,0,0,0,1,0,N
342,66,26,1000,988.29,0,0,0,8,1,2,2,0,10520,47340,2.5,1,3,3,0,1,1,1,0,0,0,0,0,0,0,0,0,0,0,0,0,0,1,0,0,0,1,0,1,0,0,0,0,1,Y
343,334,47,500,1238.89,0,0,0,3,1,0,3,960,960,4320,5.0,1,4,2,0,0,0,0,0,0,0,0,0,0,0,0,1,0,0,0,0,1,0,0,0,0,0,1,1,0,0,1,0,0,N
344,216,38,1000,1384.64,5000000,0,0,16,1,2,3,16650,11100,38850,1.0,0,5,4,0,0,1,0,0,0,0,0,0,0,0,0,0,0,1,0,0,0,0,1,0,0,1,0,1,0,0,0,0,1,Y
345,86,28,2000,1595.07,0,75800,0,19,1,0,2,11820,11820,47280,1.0,1,7,2,1,1,0,0,0,0,0,0,0,0,0,0,0,0,0,1,0,0,0,1,0,0,1,0,0,1,0,0,0,1,N
346,429,56,1000,1127.89,6000000,67400,-43800,0,1,2,0,6580,6580,26320,2.5,1,5,2,1,1,0,0,0,0,0,0,1,0,0,0,0,0,0,0,0,0,1,0,0,0,1,0,1,0,0,0,0,0,N
347,257,43,2000,929.7,6000000,46400,-74300,12,1,2,2,10540,5270,47430,5.0,0,7,4,0,1,0,0,0,0,0,1,0,0,0,0,0,0,0,0,0,0,0,0,0,0,1,0,0,0,0,0,1,0,N
348,15,34,1000,1829.63,0,56700,0,21,3,1,0,12300,6150,49200,1.0,1,1,4,1,0,0,0,0,0,0,0,0,0,0,0,0,0,1,0,1,0,0,0,0,0,0,0,0,1,0,0,1,0,N
349,230,39,1000,904.7,7000000,68600,-22300,0,1,1,3,14840,14840,44520,1.0,0,6,3,0,0,1,0,1,0,0,0,0,0,0,0,0,0,0,0,0,0,0,1,0,0,1,0,0,0,1,0,0,0,Y
350,250,43,1000,1243.84,0,47900,-73400,22,1,1,3,12980,12980,38940,5.0,0,1,2,1,0,0,0,0,0,0,0,0,0,0,0,0,0,1,0,0,0,1,0,0,0,1,0,0,1,0,0,1,0,N
351,270,44,2000,1030.95,0,47200,0,20,3,1,0,7180,3590,25130,5.0,0,5,3,0,0,1,0,0,0,0,0,1,0,0,0,0,0,0,0,0,1,0,0,0,0,0,0,1,0,0,0,0,0,Y
352,65,26,500,1285.03,3000000,0,-41500,0,1,1,3,5220,10440,36540,1.0,0,2,2,0,0,0,0,1,0,0,0,0,0,0,0,0,0,0,0,0,0,0,1,0,0,1,0,1,0,1,0,0,0,N
353,475,57,500,1216.56,0,67400,-83200,20,1,0,2,6500,13000,58500,1.0,1,4,2,0,0,0,0,0,0,0,0,0,0,0,0,0,0,0,0,0,0,1,0,0,0,1,0,0,0,0,0,0,1,N
354,77,27,2000,966.26,0,56400,-32800,1,3,0,0,6720,6720,53760,5.0,0,2,2,1,0,0,0,0,0,0,0,0,0,0,0,0,0,0,0,0,0,1,0,0,0,0,0,0,0,0,0,0,0,N
355,256,43,500,1203.17,0,56700,-65600,11,1,0,0,11500,5750,46000,1.0,0,6,4,0,0,0,0,0,0,0,0,0,0,0,1,0,0,0,0,0,0,0,1,0,0,1,0,1,0,1,0,0,0,N
356,229,37,2000,1212.12,0,65600,0,14,3,1,1,11460,5730,51570,2.5,0,6,3,1,1,0,0,1,0,0,0,0,0,0,0,0,0,0,0,1,0,0,0,0,0,0,0,0,1,0,0,1,0,N
357,110,28,1000,1573.93,0,30400,0,20,3,0,2,10840,10840,43360,2.5,1,3,2,1,0,0,0,0,0,0,0,0,1,0,0,0,0,0,0,0,1,0,0,0,0,0,0,0,1,0,0,0,1,N
358,177,33,1000,1609.67,0,0,-13200,22,1,1,3,20700,13800,48300,1.0,1,3,3,0,0,1,0,0,0,0,0,0,0,0,0,0,0,0,0,0,0,0,0,1,0,1,0,0,1,0,0,0,0,Y
359,292,44,500,1097.57,0,0,0,12,1,1,0,6170,6170,49360,5.0,1,7,4,0,1,0,0,0,0,0,0,0,0,1,0,0,0,0,0,0,0,0,1,0,0,1,0,0,1,0,0,1,0,N
360,451,61,2000,1618.65,2000000,0,-42600,3,3,2,1,15620,7810,54670,2.5,0,5,3,1,1,1,0,0,0,0,0,0,0,0,0,0,0,0,1,0,0,0,1,0,0,0,0,1,0,0,0,0,0,Y
361,61,24,500,922.67,0,47400,0,15,3,2,1,9360,9360,46800,1.0,0,3,3,1,0,1,0,0,0,0,0,0,0,1,0,0,0,0,0,0,1,0,0,0,0,0,0,1,0,0,0,0,0,Y
362,150,30,1000,1342.02,0,0,0,8,1,0,2,450,450,3600,1.0,1,6,1,1,0,0,0,0,0,0,0,0,0,0,1,0,0,0,0,0,0,1,0,0,1,0,0,1,0,0,1,0,0,N
363,283,41,500,1195.01,0,60700,-54300,13,3,0,2,0,6100,36600,1.0,0,5,3,0,0,1,0,0,0,0,0,0,0,0,0,0,1,0,0,0,0,1,0,0,0,0,0,0,1,0,0,1,0,Y
364,291,46,1000,994.74,0,0,-55300,8,1,2,2,620,620,4340,5.0,0,2,2,0,1,1,0,0,0,0,0,0,0,0,0,0,0,0,0,0,0,1,0,0,1,0,0,1,0,0,0,0,1,Y
365,162,31,1000,1050.24,0,30700,0,7,1,0,0,360,720,2520,1.0,0,4,2,0,0,1,0,0,0,0,0,0,0,0,0,0,0,0,0,0,0,0,0,1,1,0,0,1,0,0,1,0,0,Y
366,154,36,2000,1313.51,7000000,68500,0,9,1,2,0,280,280,2240,2.5,0,4,1,0,0,0,0,0,1,0,0,0,0,0,0,0,0,0,0,0,0,1,0,0,0,0,1,1,0,0,1,0,0,N
367,289,47,2000,1102.29,0,73000,-37900,15,1,1,0,6000,6000,42000,5.0,0,5,2,0,1,0,0,0,0,0,0,0,0,0,0,0,0,0,0,0,0,1,0,0,0,1,0,0,0,0,0,0,0,N
368,10,19,1000,1185.78,0,0,-60700,5,1,0,2,4450,8900,35600,2.5,0,1,2,0,0,1,0,1,0,0,0,0,0,0,0,0,0,0,0,0,0,0,0,1,0,1,0,0,1,0,0,0,1,Y
369,309,47,500,1527.95,0,69400,0,15,4,0,1,15560,15560,46680,5.0,1,7,3,1,0,0,0,0,1,0,0,0,0,0,0,0,0,0,0,0,1,0,0,0,0,0,0,1,0,0,0,1,0,N
370,396,57,1000,1366.39,0,0,-22400,22,3,2,1,11680,5840,35040,1.0,1,2,3,1,0,0,0,0,0,0,0,0,0,0,0,1,0,0,0,0,1,0,0,0,0,0,0,0,0,0,0,1,0,N
371,273,41,1000,1403.9,0,0,0,16,2,1,2,4010,8020,32080,5.0,0,7,4,0,1,0,0,0,0,1,0,0,0,0,0,0,0,0,0,0,0,1,0,0,0,0,0,0,1,0,0,0,1,N
372,129,30,2000,927.23,0,51500,0,7,1,1,3,13520,6760,54080,5.0,0,7,4,0,0,0,0,0,0,0,0,0,0,0,0,0,1,0,0,0,0,0,0,0,0,1,0,0,0,0,0,1,0,N
373,140,31,2000,1554.86,6000000,59000,0,2,1,1,2,680,680,4760,2.5,0,1,2,1,0,1,1,0,0,0,0,0,0,0,0,0,0,0,0,0,0,0,0,1,1,0,0,1,0,0,1,0,0,Y
374,419,53,2000,736.07,6000000,45700,0,17,4,0,0,5190,10380,46710,5.0,1,3,2,0,1,0,0,0,0,0,0,0,0,0,0,0,0,0,1,0,0,0,1,0,0,0,0,0,1,0,0,0,1,N
375,315,44,1000,974.16,6000000,0,-56800,12,3,1,0,4860,4860,17010,2.5,0,4,4,0,1,0,0,0,0,0,0,0,0,0,0,0,1,0,0,0,1,0,0,0,0,0,0,0,0,0,0,1,0,N
376,72,29,500,973.8,0,0,-85900,9,1,1,0,6620,6620,52960,5.0,0,5,3,0,0,0,0,1,0,0,0,0,0,0,0,0,0,0,0,0,0,1,0,0,0,1,0,1,0,0,0,0,0,N
377,32,26,2000,1260.32,6000000,0,-79800,16,1,1,2,9100,4550,31850,1.0,1,1,4,0,0,0,0,0,0,0,0,0,1,0,0,0,0,0,0,1,0,0,0,0,0,1,0,0,1,1,0,0,0,N
378,230,41,1000,1464.03,0,0,0,19,3,2,0,4420,4420,44200,1.0,1,1,2,0,0,0,0,0,0,0,0,0,0,0,0,0,0,0,1,0,0,1,0,0,0,0,0,0,1,0,0,0,0,N
379,157,32,2000,617.11,0,0,-54100,14,3,1,2,10160,5080,35560,1.0,1,3,3,0,0,1,0,0,0,0,0,0,1,0,0,0,0,0,0,0,1,0,0,0,0,0,0,0,0,0,0,1,0,Y
380,265,41,2000,1724.46,6000000,81800,0,18,3,1,3,4420,4420,35360,2.5,0,5,4,0,0,0,0,1,0,0,0,0,0,0,0,0,0,0,0,0,0,1,0,0,0,0,0,0,1,0,0,0,1,N
381,47,34,500,1161.31,0,64800,-24300,23,1,1,3,11440,5720,45760,5.0,0,7,2,1,0,0,0,0,1,0,0,0,0,0,0,0,0,0,0,0,1,0,0,0,0,1,0,0,0,0,0,0,1,N
382,113,29,2000,1091.73,0,36100,-42300,15,3,0,2,5550,5550,38850,2.5,1,7,2,0,1,1,0,0,1,0,0,0,0,0,0,0,0,0,0,1,0,0,0,0,0,0,0,1,0,0,0,1,0,N
383,289,46,2000,1209.07,0,0,0,18,1,0,1,6270,6270,43890,2.5,1,1,2,1,1,1,1,0,0,0,0,0,0,0,0,0,0,0,0,0,0,0,1,0,0,1,0,1,0,0,0,0,0,N
384,254,41,2000,1241.04,0,0,0,16,1,2,2,18220,18220,63770,2.5,0,4,2,0,1,0,0,0,0,0,0,0,0,0,0,1,0,0,0,0,0,1,0,0,0,1,0,0,0,0,0,0,1,N
385,115,30,500,1757.21,0,46400,0,12,3,1,0,5460,5460,38220,5.0,1,2,2,0,1,0,0,0,0,0,0,0,0,0,1,0,0,0,0,0,0,0,0,1,0,0,0,0,0,1,0,0,0,N
386,236,38,1000,802.24,0,0,-62500,16,1,0,1,16710,5570,44560,2.5,0,3,3,0,0,0,0,0,0,0,0,0,1,0,0,0,0,0,0,1,0,0,0,0,0,1,0,0,1,0,0,0,0,N
387,7,21,1000,1342.72,0,0,-45300,21,1,1,2,6940,6940,48580,5.0,1,5,4,0,0,0,0,0,0,0,0,1,0,0,0,0,0,0,0,0,0,0,0,1,0,1,0,0,0,0,0,1,0,N
388,208,36,2000,1209.41,5000000,0,0,15,3,0,1,11420,11420,39970,1.0,1,1,4,1,0,0,0,0,0,0,0,1,0,0,0,0,0,0,0,0,0,0,0,1,0,0,0,0,1,0,0,1,0,N
389,126,33,1000,1141.71,2000000,36700,-73400,21,1,1,2,6770,6770,40620,5.0,0,1,3,1,0,0,0,0,0,0,0,0,0,1,0,0,0,0,0,0,0,1,0,0,0,1,0,0,0,0,0,0,0,N
390,48,35,500,1090.03,0,0,-51000,1,1,0,2,9680,4840,33880,1.0,0,1,3,1,0,0,0,0,1,0,0,0,0,0,0,0,0,0,0,0,0,0,1,0,0,1,0,1,0,0,0,0,0,N
391,297,48,1000,1464.73,3000000,54900,-36700,17,3,0,0,5720,5720,40040,2.5,1,7,4,0,0,0,0,0,1,0,0,0,0,0,0,0,0,0,0,0,1,0,0,0,0,0,0,0,1,1,0,0,0,N
392,160,36,1000,1118.58,0,0,-36600,5,3,2,1,5170,10340,36190,1.0,0,2,4,0,0,0,0,0,0,0,0,0,0,0,1,0,0,0,0,0,0,0,0,0,0,0,0,1,0,1,0,0,0,N
393,406,58,2000,1117.04,0,0,-42700,15,3,1,2,10920,5460,49140,2.5,1,6,4,0,0,0,0,0,1,0,0,0,0,0,0,0,0,0,0,0,0,1,0,0,0,0,0,0,0,0,0,1,0,N
394,157,31,500,1257.83,7000000,40700,-41600,2,4,2,2,4770,9540,33390,5.0,1,2,3,0,0,1,0,0,0,1,0,0,0,0,0,0,0,0,0,0,0,1,0,0,0,0,0,1,0,0,0,1,0,Y
395,146,31,2000,1082.72,0,61400,-57500,3,1,2,0,580,580,4060,2.5,0,7,2,1,0,0,0,0,0,0,0,1,0,0,0,0,0,0,0,1,0,0,0,0,0,0,1,1,0,0,1,0,0,N
396,409,57,1000,1191.8,6000000,55600,0,19,1,1,0,6110,12220,54990,1.0,1,2,3,0,0,0,0,0,0,0,0,0,0,0,0,1,0,0,0,0,0,0,1,0,0,1,0,0,1,0,0,1,0,N
397,252,46,1000,1242.02,0,0,-28800,17,1,0,2,14980,7490,52430,1.0,1,4,2,1,1,0,0,0,0,0,0,0,0,0,0,0,0,0,0,0,0,0,0,1,0,1,0,0,0,1,0,0,0,N
398,6,27,500,1075.71,0,0,-47400,7,1,0,1,580,290,2320,2.5,0,2,1,0,1,0,0,0,0,0,0,0,0,0,1,0,0,0,0,0,0,0,1,0,0,0,1,1,0,0,0,0,1,N
399,103,33,1000,969.88,6000000,0,0,21,1,1,0,12820,6410,57690,1.0,1,6,2,0,1,0,1,0,0,0,0,0,0,0,0,0,0,0,0,0,0,1,0,0,0,1,0,1,0,0,0,0,0,N
400,369,53,2000,1459.93,0,0,0,10,2,1,3,7090,14180,56720,2.5,0,4,4,1,0,0,0,0,0,0,0,0,0,1,0,0,0,0,0,1,0,0,0,0,0,0,0,0,0,0,0,0,1,N
401,261,46,1000,1245.61,0,0,0,11,1,1,0,9180,9180,41310,5.0,1,6,4,1,0,0,0,0,0,0,0,0,0,0,0,0,0,0,1,0,0,1,0,0,0,1,0,0,0,1,0,0,0,N
402,159,33,2000,1462.76,0,69200,-36900,23,3,2,0,8160,4080,32640,1.0,0,3,3,1,0,1,0,1,0,0,0,0,0,0,0,0,0,0,0,0,0,0,0,0,0,0,0,1,0,0,0,0,0,Y
403,344,51,2000,1398.46,0,0,0,14,1,0,2,7530,15060,60240,1.0,1,5,2,0,0,0,0,0,0,0,0,0,0,0,0,0,1,0,0,0,1,0,0,0,0,1,0,0,1,0,0,0,0,N
404,437,60,1000,1269.64,0,48800,0,10,1,1,3,7680,15360,61440,5.0,0,3,2,0,0,1,1,0,0,0,0,0,0,0,0,0,0,0,0,0,0,0,1,0,0,1,0,0,0,0,0,1,0,Y
405,65,30,500,1455.65,4000000,0,-66300,6,3,2,3,15960,7980,55860,1.0,0,3,4,0,0,0,0,0,0,0,0,0,0,0,0,0,0,0,1,0,0,0,0,1,0,0,0,0,1,1,0,0,0,N
406,280,41,2000,1140.31,0,29300,-64700,10,3,0,3,9640,9640,33740,5.0,1,6,2,0,1,0,0,0,0,0,0,0,0,0,0,0,0,0,0,0,0,0,0,0,0,0,0,1,0,0,0,0,1,N
407,269,45,500,1330.46,0,54800,-64100,5,3,0,0,2200,4400,17600,5.0,0,2,4,0,0,0,0,0,0,0,0,1,0,0,0,0,0,0,0,0,0,0,0,1,0,0,0,0,1,0,0,0,1,N
408,275,40,2000,1190.6,0,0,-45300,17,1,1,3,7860,7860,27510,2.5,1,4,2,0,1,0,0,0,1,0,0,0,0,0,0,0,0,0,0,0,0,0,1,0,0,1,0,1,0,1,0,0,0,N
409,265,45,500,972.5,0,0,0,3,1,2,3,290,580,2320,2.5,0,3,1,0,0,0,0,0,1,0,0,0,0,0,0,0,0,0,0,0,0,0,1,0,0,0,1,1,0,0,1,0,0,N
410,283,43,2000,1161.91,0,0,-50400,9,1,0,3,1300,650,3900,1.0,0,5,2,0,0,0,0,0,0,0,0,0,0,0,0,0,0,0,0,1,0,0,0,0,1,0,0,1,0,0,1,0,0,N
411,84,29,1000,1117.17,0,0,-29900,6,1,2,0,620,1240,4960,2.5,0,2,1,1,1,0,0,0,0,0,0,1,0,0,0,0,0,0,0,1,0,0,0,0,1,0,0,1,0,0,0,0,1,N
412,247,44,2000,1101.51,0,64000,0,22,3,2,2,11580,11580,46320,2.5,0,3,2,0,0,0,0,0,0,1,0,0,0,0,0,0,0,0,0,1,0,0,0,0,0,0,0,0,0,1,0,0,0,N
413,56,29,1000,1523.17,0,0,0,10,3,1,2,7880,15760,70920,1.0,1,4,3,0,1,0,0,0,0,0,0,0,0,0,1,0,0,0,0,0,0,1,0,0,0,0,0,0,0,1,0,0,0,N
414,210,39,1000,984.45,0,0,0,4,1,1,2,780,780,6240,5.0,1,5,2,1,0,0,1,0,0,0,0,0,0,0,0,0,0,0,0,0,0,0,1,0,0,0,1,1,0,0,1,0,0,N
415,108,32,2000,1257.0,4000000,63900,-43700,23,1,1,3,5570,11140,44560,5.0,0,2,4,0,0,0,0,0,0,0,0,1,0,0,0,0,0,0,0,0,0,0,1,0,0,1,0,0,0,0,0,1,0,N
416,328,49,500,1434.51,0,0,0,19,1,0,2,8930,8930,53580,5.0,0,4,4,0,1,0,0,0,0,0,0,0,0,0,0,0,0,0,1,0,0,0,0,1,0,1,0,1,0,0,0,0,1,N
417,186,37,2000,1628.0,0,0,0,22,1,1,2,11120,5560,38920,2.5,0,1,4,1,1,0,0,0,0,0,0,0,0,1,0,0,0,0,0,0,0,0,1,0,0,1,0,1,0,0,0,0,0,N
418,277,44,500,1412.31,0,0,0,6,1,1,3,1000,500,3500,5.0,1,2,1,0,0,0,0,0,0,0,0,0,0,1,0,0,0,0,0,0,0,0,1,0,0,0,1,1,0,0,0,0,1,N
419,138,33,500,1362.87,5000000,56900,-56900,6,1,2,0,14740,14740,66330,2.5,0,1,2,0,0,0,0,0,1,0,0,0,0,0,0,0,0,0,0,0,0,1,0,0,0,1,0,0,1,0,0,1,0,N
420,208,41,1000,1134.68,0,0,0,18,1,2,2,6930,13860,48510,1.0,0,3,3,0,0,0,0,0,0,0,0,0,0,0,0,0,0,1,0,0,0,0,0,0,0,1,0,1,0,0,0,0,0,N
421,147,37,1000,1306.78,0,0,0,22,1,1,0,13520,20280,47320,2.5,1,6,4,0,0,0,0,0,0,0,0,0,0,0,1,0,0,0,0,0,1,0,0,0,0,1,0,0,0,0,0,0,0,N
422,8,21,500,1021.9,0,0,0,21,1,0,0,14040,14040,63180,5.0,1,2,3,0,0,0,0,0,0,0,1,0,0,0,0,0,0,0,0,0,0,0,0,0,0,1,0,0,0,0,0,1,0,N
423,297,48,1000,1538.6,0,0,-54700,12,1,0,0,6060,12120,42420,1.0,0,6,2,0,0,0,0,0,0,0,0,0,1,0,0,0,0,0,0,0,0,0,0,1,0,1,0,0,1,1,0,0,0,N
424,150,31,1000,1354.5,0,52800,0,6,3,0,3,6480,12960,45360,5.0,1,4,3,0,1,1,0,0,0,0,0,1,0,0,0,0,0,0,0,0,0,0,0,0,0,0,0,0,0,0,0,0,0,Y
425,4,34,500,1282.93,0,0,0,0,4,0,0,6080,12160,48640,5.0,0,3,3,0,0,1,0,0,1,0,0,0,0,0,0,0,0,0,0,0,1,0,0,0,0,0,0,0,1,0,0,0,1,Y
426,210,35,1000,1346.27,0,44900,-91400,11,1,0,2,5820,5820,46560,5.0,1,4,4,0,0,0,0,0,0,1,0,0,0,0,0,0,0,0,0,1,0,0,0,0,0,1,0,0,0,0,0,0,0,N
427,91,31,1000,1338.4,4000000,63600,0,19,1,1,0,6730,6730,47110,1.0,0,2,2,0,0,0,0,0,0,0,0,0,0,1,0,0,0,0,0,0,0,1,0,0,0,1,0,0,1,0,0,0,1,N
428,167,36,1000,949.44,0,0,-38400,22,3,0,0,8710,8710,52260,1.0,0,4,3,0,0,1,0,0,1,0,0,0,0,0,0,0,0,0,0,0,1,0,0,0,0,0,0,1,0,0,0,0,0,Y
429,467,58,2000,977.4,0,82200,0,2,1,2,3,5570,11140,38990,5.0,1,4,4,1,0,0,0,0,0,0,0,0,0,0,0,0,0,0,1,0,0,1,0,0,0,1,0,0,0,1,0,0,0,N
430,264,47,2000,1181.46,10000000,0,-67400,16,4,1,2,5670,5670,51030,2.5,0,1,4,1,1,0,0,0,0,0,0,0,0,0,0,0,0,0,1,0,1,0,0,0,0,0,0,0,0,0,0,0,0,N
431,270,45,500,1187.53,0,83200,-53300,23,3,0,0,9880,0,44460,5.0,0,7,4,0,1,0,0,0,0,0,0,0,0,1,0,0,0,0,0,1,0,0,0,0,0,0,0,0,1,0,0,1,0,N
432,310,48,1000,845.16,0,0,0,21,1,1,0,6130,6130,42910,1.0,0,4,3,1,0,1,0,0,0,0,0,0,0,1,0,0,0,0,0,0,1,0,0,0,0,1,0,0,0,0,0,0,1,Y
433,143,34,500,1442.27,0,67900,0,10,1,2,3,11700,5850,40950,1.0,1,3,2,0,1,0,0,0,0,0,0,0,0,1,0,0,0,0,0,0,0,0,0,1,0,1,0,0,0,0,0,1,0,N
434,146,32,2000,1276.43,0,0,0,12,1,0,3,6660,6660,46620,1.0,1,5,3,0,0,0,0,0,0,0,0,0,0,1,0,0,0,0,0,0,0,1,0,0,0,1,0,1,0,1,0,0,0,N
435,102,28,500,1075.41,0,55200,0,6,1,1,0,7340,7340,58720,2.5,1,6,4,0,0,0,0,0,0,0,0,1,0,0,0,0,0,0,0,0,0,0,0,1,0,1,0,0,1,0,0,0,1,N
436,61,23,500,1111.72,0,54600,0,6,1,1,2,4650,4650,32550,1.0,1,1,3,0,0,0,0,0,1,0,0,0,0,0,0,0,0,0,0,0,1,0,0,0,0,1,0,0,1,1,0,0,0,N
437,255,44,2000,814.96,6000000,68500,0,7,1,2,2,640,1280,4480,5.0,0,7,1,0,0,1,0,0,0,0,0,0,0,1,0,0,0,0,0,1,0,0,0,0,1,0,0,1,0,0,0,0,1,N
438,211,40,1000,1575.86,0,0,0,3,1,1,1,580,290,2320,5.0,0,7,1,0,0,0,0,0,0,0,0,0,1,0,0,0,0,0,0,0,0,1,0,0,0,0,1,1,0,0,0,0,1,N
439,61,29,1000,1115.27,0,0,-66000,10,1,2,1,590,590,4720,2.5,1,1,1,1,1,0,0,0,0,0,1,0,0,0,0,0,0,0,0,0,0,0,1,0,1,0,0,1,0,0,1,0,0,N
440,108,31,2000,1175.7,0,0,0,14,1,0,2,6370,6370,44590,5.0,1,4,4,0,0,0,0,0,0,0,0,0,0,0,0,1,0,0,0,1,0,0,0,0,0,1,0,1,0,1,0,0,0,N
441,303,50,500,793.15,0,54600,-45500,17,3,0,3,13660,13660,54640,1.0,1,6,4,0,0,0,0,0,0,0,0,0,0,0,0,0,0,1,0,0,0,1,0,0,0,0,0,0,0,0,0,1,0,N
442,152,33,500,942.51,0,0,0,16,1,0,0,6400,19200,44800,2.5,0,7,3,1,0,1,0,0,0,0,0,0,0,0,0,0,0,0,1,0,0,0,0,1,0,1,0,0,1,1,0,0,0,Y
443,120,34,1000,1056.71,0,77900,0,3,1,2,1,580,580,2610,5.0,0,1,2,0,0,0,0,0,0,0,0,0,0,0,0,1,0,0,0,1,0,0,0,0,1,0,0,1,0,0,1,0,0,N
444,144,36,2000,1255.68,6000000,23600,-15600,7,1,0,0,740,1480,5180,5.0,0,5,2,0,0,0,0,0,0,0,0,0,0,0,0,0,1,0,0,0,1,0,0,0,1,0,0,1,0,0,1,0,0,N
445,414,52,500,1335.13,0,44000,-71000,13,1,1,1,6090,6090,42630,5.0,0,2,4,1,0,1,0,0,0,1,0,0,0,0,0,0,0,0,0,0,0,0,1,0,0,1,0,1,0,0,0,0,1,Y
446,163,37,500,1178.95,6000000,0,-67300,20,1,2,3,4940,9880,34580,2.5,0,1,4,1,1,0,0,0,0,0,0,0,0,1,0,0,0,0,0,0,0,1,0,0,0,1,0,1,0,1,0,0,0,N
447,352,53,500,1793.16,0,0,0,23,1,2,2,12500,6250,50000,2.5,1,5,2,1,0,0,0,0,0,0,0,0,0,0,0,0,0,1,0,0,0,0,0,1,0,1,0,0,0,1,0,0,0,N
448,27,32,500,1008.38,0,37900,0,11,1,1,0,12300,6150,43050,1.0,0,7,4,0,0,0,0,0,0,0,0,0,0,0,0,0,0,0,0,0,1,0,0,0,0,1,0,0,0,0,0,0,0,N
449,239,39,500,1396.83,0,0,0,0,4,0,3,6990,13980,55920,1.0,0,4,3,0,0,0,0,0,0,0,0,0,1,0,0,0,0,0,0,0,0,0,0,0,0,0,0,1,0,0,0,0,0,Y
450,33,32,500,1402.78,5000000,70300,-50300,2,1,0,1,6230,12460,37380,1.0,0,7,2,1,0,0,0,0,0,0,0,0,1,0,0,0,0,0,0,0,0,0,0,0,0,1,0,1,0,0,0,0,0,N
451,88,30,1000,1437.88,0,42800,-51200,3,1,2,0,14000,0,42000,1.0,0,3,4,0,1,0,0,0,0,0,0,0,0,0,0,0,0,0,1,0,0,0,0,0,0,1,0,0,1,1,0,0,0,N
452,101,33,1000,1313.64,0,12100,0,3,1,1,0,780,390,3120,5.0,0,3,1,1,0,0,0,0,0,0,0,0,0,1,0,0,0,0,0,0,0,0,1,0,1,0,0,1,0,0,1,0,0,N
453,20,37,500,1482.14,0,33000,-43600,15,3,2,1,6750,6750,47250,2.5,0,5,4,0,0,0,0,0,0,0,0,0,0,0,0,0,0,0,1,0,0,0,0,0,0,0,0,1,0,0,0,1,0,Y
454,126,30,2000,1171.75,0,46500,-42700,23,1,2,3,4430,4430,39870,2.5,0,5,2,0,0,0,0,0,0,0,0,1,0,0,0,0,0,0,0,1,0,0,0,0,0,1,0,0,1,0,0,1,0,N
455,264,43,2000,1353.33,0,0,-8500,9,3,2,0,17300,17300,60550,5.0,1,5,2,1,0,0,0,0,0,0,0,0,0,0,0,0,0,0,0,1,0,0,0,0,0,0,0,0,0,0,0,0,1,N
456,78,24,500,1175.51,0,0,0,20,1,0,1,680,680,6120,1.0,1,4,2,0,1,0,0,1,0,0,0,0,0,0,0,0,0,0,0,0,0,0,0,0,0,0,1,1,0,0,0,0,1,N
457,123,28,2000,1836.02,0,38000,-41200,5,1,2,1,13300,6650,59850,1.0,1,4,3,0,1,1,0,0,0,0,0,0,0,0,0,0,0,0,1,0,0,1,0,0,0,1,0,0,1,0,0,0,0,Y
458,347,51,500,1480.79,9000000,0,-12100,15,1,0,2,8630,17260,77670,5.0,0,6,4,1,0,0,0,0,0,0,0,0,0,1,0,0,0,0,0,0,0,0,1,0,0,1,0,0,1,0,0,1,0,N
459,163,38,2000,1453.92,0,51700,0,13,1,2,3,15900,7950,55650,5.0,0,7,2,1,0,0,0,0,0,0,0,0,1,0,0,0,0,0,0,0,1,0,0,0,0,1,0,0,1,0,0,0,0,N
460,271,44,500,1340.71,0,0,0,16,1,2,2,6930,13860,55440,2.5,0,2,2,0,0,1,0,0,0,0,0,0,0,0,0,0,0,1,0,0,1,0,0,0,0,1,0,1,0,0,0,1,0,Y
461,410,54,2000,714.03,0,0,-17000,0,1,0,2,9920,9920,39680,1.0,1,6,2,1,0,0,0,0,0,0,0,0,0,0,0,1,0,0,0,0,0,1,0,0,0,1,0,0,1,0,0,0,0,N
462,448,57,2000,1376.16,0,38600,-50300,10,3,2,1,5970,5970,35820,1.0,0,7,3,0,0,1,0,0,0,0,0,0,0,0,0,0,0,1,0,0,0,1,0,0,0,0,0,0,0,0,0,0,1,Y
463,218,41,500,914.22,0,37900,-72900,14,3,2,0,15380,7690,61520,1.0,1,1,4,0,0,0,0,0,0,0,0,0,0,0,1,0,0,0,0,0,0,0,0,1,0,0,0,0,1,0,0,0,1,N
464,43,38,1000,1601.47,0,64400,0,1,3,2,2,6850,6850,47950,5.0,1,7,4,1,0,0,0,0,0,0,1,0,0,0,0,0,0,0,0,0,1,0,0,0,0,0,0,0,0,0,0,1,0,N
465,33,33,1000,1096.79,6000000,45500,-60600,16,1,2,1,8140,8140,65120,5.0,0,5,3,0,0,0,0,0,0,0,1,0,0,0,0,0,0,0,0,0,0,0,1,0,0,1,0,1,0,0,0,0,1,Y
466,126,34,2000,1078.22,0,54500,0,2,3,0,1,10620,5310,42480,1.0,0,4,3,0,1,0,0,0,0,0,0,0,0,0,0,0,0,0,1,0,0,0,0,1,0,0,0,0,1,1,0,0,0,Y
467,411,56,1000,1595.28,0,0,0,23,3,0,0,3510,3510,31590,2.5,0,3,3,0,0,0,0,0,0,0,0,0,0,0,0,1,0,0,0,0,1,0,0,0,0,0,0,0,1,0,0,0,0,N
468,225,37,1000,1217.84,5000000,49600,0,19,3,2,2,9600,9600,38400,1.0,0,2,2,0,0,0,0,0,0,1,0,0,0,0,0,0,0,0,0,1,0,0,0,0,0,0,0,0,0,1,0,0,0,N
469,35,35,2000,1117.42,0,0,-51900,23,3,2,2,5910,11820,35460,1.0,0,7,2,0,0,0,0,0,0,0,0,0,0,0,0,1,0,0,0,1,0,0,0,0,0,0,0,0,1,1,0,0,0,N
470,460,57,2000,1567.37,0,62500,0,10,1,2,3,5830,11660,40810,1.0,0,1,3,0,0,1,0,1,0,0,0,0,0,0,0,0,0,0,0,0,0,0,0,0,0,1,0,0,0,0,0,1,0,Y
471,195,38,2000,1294.93,6000000,38000,-50300,12,3,1,2,7180,0,57440,5.0,1,6,2,1,0,0,0,0,0,0,0,0,0,0,0,0,0,1,0,0,0,0,1,0,0,0,0,0,0,0,0,0,0,N
472,360,51,1000,1152.12,0,0,-62400,15,3,2,0,15080,15080,60320,2.5,1,7,4,0,1,0,1,0,0,0,0,0,0,0,0,0,0,0,0,1,0,0,0,0,0,0,0,0,1,0,0,0,0,N
473,300,49,1000,1441.21,0,0,0,3,1,1,0,1180,1180,4720,1.0,0,7,1,0,0,0,0,0,0,1,0,0,0,0,0,0,0,0,0,0,0,0,0,1,0,0,1,1,0,0,1,0,0,N
474,245,42,1000,1575.74,7000000,0,-68900,19,1,2,2,590,1180,4720,5.0,1,1,2,0,0,1,0,0,1,0,0,0,0,0,0,0,0,0,0,0,1,0,0,0,1,0,0,1,0,0,0,0,1,N
475,146,36,2000,1233.96,0,34500,-60600,16,3,1,1,5590,5590,44720,5.0,0,4,4,0,0,0,0,0,0,0,0,0,1,0,0,0,0,0,0,0,1,0,0,0,0,0,0,0,1,0,0,0,1,N
476,67,29,1000,1861.43,0,60400,-67800,16,1,0,3,6380,6380,51040,2.5,1,2,3,0,1,1,0,0,0,0,0,0,0,0,0,0,0,0,0,0,0,0,0,0,0,1,0,1,0,0,0,1,0,Y
477,380,56,1000,1570.86,0,66000,0,10,1,0,1,7270,7270,43620,1.0,1,6,4,0,1,1,0,0,0,1,0,0,0,0,0,0,0,0,0,0,1,0,0,0,0,1,0,0,1,0,0,0,1,Y
478,389,53,2000,791.47,0,0,0,6,1,1,2,630,1260,4410,5.0,1,4,2,0,0,1,1,0,0,0,0,0,0,0,0,0,0,0,0,0,0,0,1,0,0,0,1,1,0,0,0,0,1,Y
479,317,46,1000,1012.78,0,43700,0,18,1,2,1,19020,19020,66570,2.5,1,6,3,0,0,1,0,0,0,0,0,0,0,0,0,0,1,0,0,0,1,0,0,0,0,1,0,0,0,1,0,0,0,Y
480,264,44,500,1047.06,6000000,0,0,20,3,0,2,12700,6350,50800,1.0,1,3,3,0,0,0,0,0,1,0,0,0,0,0,0,0,0,0,0,0,0,0,0,1,0,0,0,1,0,1,0,0,0,N
481,20,21,1000,1390.29,0,0,-41200,14,1,0,0,12580,6290,44030,2.5,0,4,2,0,0,0,0,0,0,0,0,0,0,1,0,0,0,0,0,0,1,0,0,0,0,1,0,1,0,1,0,0,0,N
482,116,30,500,951.46,0,0,-35500,8,3,0,3,6630,6630,46410,5.0,1,1,3,0,0,1,0,0,0,0,1,0,0,0,0,0,0,0,0,1,0,0,0,0,0,0,0,0,0,0,0,1,0,Y
483,222,40,1000,1226.78,0,49600,-49200,17,2,2,0,16300,8150,57050,1.0,1,1,2,1,0,0,1,0,0,0,0,0,0,0,0,0,0,0,0,0,0,0,1,0,0,0,0,1,0,0,0,1,0,N
484,439,56,500,1280.9,0,48900,-40900,9,1,2,0,15000,5000,30000,1.0,1,2,2,0,0,0,1,0,0,0,0,0,0,0,0,0,0,0,0,0,0,1,0,0,0,1,0,1,0,0,0,0,0,N
485,66,28,2000,1472.77,0,0,-31700,0,1,2,1,8780,8780,30730,1.0,1,5,4,0,0,0,0,0,0,0,0,0,0,0,0,0,0,0,0,0,0,0,0,0,0,1,0,0,0,0,0,1,0,N
486,128,29,1000,1878.44,0,0,-76000,2,1,0,0,5370,5370,48330,5.0,1,2,4,0,0,0,0,0,0,0,0,0,1,0,0,0,0,0,0,0,0,0,0,0,0,1,0,1,0,1,0,0,0,N
487,69,24,500,1418.5,0,0,0,23,3,0,0,12660,6330,44310,5.0,0,2,2,0,0,0,1,0,0,0,0,0,0,0,0,0,0,0,0,0,1,0,0,0,0,0,0,1,0,0,0,0,1,N
488,294,46,500,1532.8,0,0,0,8,1,0,3,11960,11960,41860,1.0,1,3,4,0,1,0,0,0,0,0,0,0,0,0,1,0,0,0,0,0,0,1,0,0,0,1,0,0,1,0,0,1,0,N
489,19,29,500,1304.35,0,0,0,6,3,0,2,11600,11600,52200,2.5,1,1,4,0,0,1,0,0,0,0,0,0,0,0,0,0,0,0,1,1,0,0,0,0,0,0,0,0,0,0,0,0,0,Y
490,191,33,2000,1551.61,0,45000,-30400,3,1,1,1,250,250,1750,5.0,1,2,2,1,0,0,1,0,0,0,0,0,0,0,0,0,0,0,0,0,0,0,1,0,0,0,1,1,0,0,1,0,0,N
491,4,39,1000,1326.98,6000000,64200,0,14,3,1,3,4510,9020,40590,1.0,0,2,2,1,0,0,0,0,0,0,0,1,0,0,0,0,0,0,0,0,0,0,1,0,0,0,0,0,0,0,0,0,0,N
492,298,49,500,862.92,0,0,-71700,16,3,0,2,11580,11580,46320,2.5,1,6,3,0,0,0,0,0,0,0,0,1,0,0,0,0,0,0,0,0,0,0,0,1,0,0,0,0,1,0,0,1,0,N
493,231,43,2000,1331.69,0,0,0,12,1,1,2,10300,10300,46350,1.0,0,4,2,0,0,0,0,0,0,0,0,0,0,0,0,0,0,0,0,1,0,0,0,0,0,1,0,1,0,0,0,0,1,N
494,338,47,2000,1486.04,0,0,-56200,1,3,2,3,12820,6410,44870,2.5,0,5,3,0,0,1,1,0,0,0,0,0,0,0,0,0,0,0,0,0,0,1,0,0,0,0,0,1,0,0,0,1,0,Y
495,261,46,1000,870.55,0,0,-49400,19,1,0,3,13380,13380,53520,1.0,1,7,2,0,0,0,0,0,0,0,0,0,0,0,1,0,0,0,0,0,0,0,1,0,0,1,0,1,0,0,0,1,0,N
496,321,44,2000,1344.56,6000000,0,-39100,7,1,1,2,520,0,4160,5.0,1,5,1,0,0,0,0,0,0,0,0,1,0,0,0,0,0,0,0,0,0,0,0,0,0,0,1,1,0,0,0,0,1,N
497,0,32,1000,1377.04,0,61400,-41100,6,4,1,1,6620,6620,26480,5.0,1,3,2,0,0,0,0,0,0,0,0,0,0,0,0,0,0,1,0,0,0,0,0,1,0,0,0,1,0,0,0,0,0,N
498,405,58,500,1237.88,0,0,-46900,11,1,0,0,5780,5780,52020,2.5,1,6,3,0,0,1,0,0,1,0,0,0,0,0,0,0,0,0,0,1,0,0,0,0,0,1,0,0,0,0,0,0,1,Y
499,304,49,1000,1525.86,0,0,0,2,1,1,1,13340,6670,53360,1.0,0,7,2,1,1,0,0,1,0,0,0,0,0,0,0,0,0,0,0,0,0,1,0,0,0,1,0,0,1,0,0,1,0,N
